sim,radiotype,radio,mcc,mnc,area,cellid,unit,lat,lon,signal,extra,acc,time,speed,bearing,alt,api,device
2,LTE,LTE,740,1,60414,51363359,59,-1.0130488,-79.4681849,-105,,5.6,1753454519571,1.1,106.6,97.4,31,Xiaomi_M2003J15SC
2,LTE,LTE,740,1,60414,51363339,2147483647,-1.0130326,-79.4681462,-107,,5.7,1753454524334,1.0,54.5,97.4,31,Xiaomi_M2003J15SC
2,LTE,LTE,740,1,60414,51363339,2147483647,-1.0129943,-79.4681132,-106,,6.1,1753454529077,1.0,48.3,97.9,31,Xiaomi_M2003J15SC
2,LTE,LTE,740,1,60414,51363339,2147483647,-1.012963,-79.4680856,-105,,5.9,1753454534192,0.9,69.8,97.9,31,Xiaomi_M2003J15SC
2,LTE,LTE,740,1,60414,51363339,2147483647,-1.0129568,-79.4680493,-105,,5.8,1753454538934,1.0,73.5,97.9,31,Xiaomi_M2003J15SC
2,LTE,LTE,740,1,60414,51363339,2147483647,-1.0129324,-79.4680094,-100,,6.1,1753454543657,1.1,52.5,97.9,31,Xiaomi_M2003J15SC
2,LTE,LTE,740,1,60414,51363339,2147483647,-1.0128916,-79.4679778,-104,,6.4,1753454548670,1.1,55.4,98.0,31,Xiaomi_M2003J15SC
2,LTE,LTE,740,1,60414,51363339,2147483647,-1.0128724,-79.467969,-104,,5.8,1753454553575,1.0,81.1,98.0,31,Xiaomi_M2003J15SC
2,LTE,LTE,740,1,60414,51363339,2147483647,-1.012861,-79.4679346,-97,,4.5,1753454558378,0.9,45.5,97.9,31,Xiaomi_M2003J15SC
2,LTE,LTE,740,1,60414,51363339,2147483647,-1.0128184,-79.4679273,-97,,5.2,1753454563411,1.0,10.5,97.9,31,Xiaomi_M2003J15SC
2,LTE,LTE,740,1,60414,51363339,2147483647,-1.0127819,-79.4679161,-105,,5.5,1753454568275,1.0,23.2,98.0,31,Xiaomi_M2003J15SC
2,LTE,LTE,740,1,60414,51363339,2147483647,-1.0127511,-79.4678915,-101,,5.6,1753454573265,1.0,81.2,98.0,31,Xiaomi_M2003J15SC
2,LTE,LTE,740,1,60414,51363339,2147483647,-1.0127263,-79.4678685,-106,,5.6,1753454578231,1.0,23.9,98.0,31,Xiaomi_M2003J15SC
2,LTE,LTE,740,1,60414,51363339,2147483647,-1.0126844,-79.4678459,-102,,6.0,1753454584059,0.9,50.5,98.0,31,Xiaomi_M2003J15SC
2,LTE,LTE,740,1,60414,51363339,2147483647,-1.0126722,-79.4678217,-101,,6.0,1753454588572,0.9,85.1,98.0,31,Xiaomi_M2003J15SC
2,LTE,LTE,740,1,60414,51363339,2147483647,-1.0126609,-79.4677942,-98,,6.0,1753454593314,0.8,48.5,98.0,31,Xiaomi_M2003J15SC
2,LTE,LTE,740,1,60414,51363339,2147483647,-1.0126526,-79.4677699,-98,,5.8,1753454598398,0.8,75.3,97.7,31,Xiaomi_M2003J15SC
2,LTE,LTE,740,1,60414,51363339,2147483647,-1.0126582,-79.4677221,-101,,6.0,1753454603432,1.0,83.1,97.9,31,Xiaomi_M2003J15SC
2,LTE,LTE,740,1,60414,51363339,2147483647,-1.0126683,-79.467674,-106,,5.7,1753454608115,1.1,90.5,104.8,31,Xiaomi_M2003J15SC
2,LTE,LTE,740,1,60414,51363339,2147483647,-1.0126851,-79.46764,-102,,4.9,1753454612858,1.0,96.1,98.0,31,Xiaomi_M2003J15SC
2,LTE,LTE,740,1,60414,51363339,2147483647,-1.0126991,-79.4675951,-104,,4.0,1753454617571,1.0,98.1,98.0,31,Xiaomi_M2003J15SC
2,LTE,LTE,740,1,60414,51363339,2147483647,-1.012703,-79.4675478,-104,,5.2,1753454622475,1.0,111.0,98.0,31,Xiaomi_M2003J15SC
2,LTE,LTE,740,1,60414,51363339,2147483647,-1.0127137,-79.4675028,-103,,6.0,1753454627045,1.1,104.1,98.1,31,Xiaomi_M2003J15SC
2,LTE,LTE,740,1,60414,51363339,2147483647,-1.0127023,-79.4674715,-103,,3.7,1753454632012,1.1,97.8,97.5,31,Xiaomi_M2003J15SC
2,LTE,LTE,740,1,60414,51363339,2147483647,-1.0127077,-79.4674261,-103,,4.0,1753454636771,1.1,97.2,97.5,31,Xiaomi_M2003J15SC
2,LTE,LTE,740,1,60414,51363339,2147483647,-1.0127172,-79.4673784,-103,,3.7,1753454641698,1.0,99.4,97.5,31,Xiaomi_M2003J15SC
2,LTE,LTE,740,1,60414,51363339,2147483647,-1.0126894,-79.4673364,-108,,3.7,1753454647000,1.0,19.3,98.0,31,Xiaomi_M2003J15SC
2,LTE,LTE,740,1,60414,51363339,2147483647,-1.0126433,-79.4673246,-108,,3.5,1753454651535,1.1,355.8,61.7,31,Xiaomi_M2003J15SC
2,LTE,LTE,740,1,60414,51363339,2147483647,-1.012599,-79.4673391,-110,,3.6,1753454656137,1.0,332.2,107.9,31,Xiaomi_M2003J15SC
2,LTE,LTE,740,1,60414,51363339,2147483647,-1.0125826,-79.4673631,-110,,3.8,1753454660731,1.0,305.5,108.2,31,Xiaomi_M2003J15SC
2,LTE,LTE,740,1,60414,51363339,2147483647,-1.0125806,-79.467395,-109,,3.8,1753454665774,1.0,290.7,98.0,31,Xiaomi_M2003J15SC
2,LTE,LTE,740,1,60414,51363339,2147483647,-1.0125934,-79.4674487,-106,,3.7,1753454671380,1.0,273.1,97.4,31,Xiaomi_M2003J15SC
2,LTE,LTE,740,1,60414,51363339,2147483647,-1.0126031,-79.4674902,-109,,3.9,1753454676513,1.0,268.6,97.5,31,Xiaomi_M2003J15SC
2,LTE,LTE,740,1,60414,51363339,2147483647,-1.0126119,-79.4675269,-109,,3.8,1753454681457,1.1,261.9,98.0,31,Xiaomi_M2003J15SC
2,LTE,LTE,740,1,60414,51363339,2147483647,-1.0125964,-79.4675662,-104,,3.8,1753454686291,1.1,283.8,98.0,31,Xiaomi_M2003J15SC
2,LTE,LTE,740,1,60414,51363339,2147483647,-1.0126175,-79.4676096,-104,,3.6,1753454691434,1.0,261.4,98.0,31,Xiaomi_M2003J15SC
2,LTE,LTE,740,1,60414,51363339,2147483647,-1.0126193,-79.4676471,-102,,3.6,1753454696177,1.1,268.2,97.5,31,Xiaomi_M2003J15SC
2,LTE,LTE,740,1,60414,51363339,2147483647,-1.0125814,-79.4676872,-103,,3.9,1753454700689,1.1,286.5,97.6,31,Xiaomi_M2003J15SC
2,LTE,LTE,740,1,60414,51363339,2147483647,-1.0125543,-79.4677268,-94,,3.9,1753454705593,1.1,293.0,97.5,31,Xiaomi_M2003J15SC
2,LTE,LTE,740,1,60414,51363339,2147483647,-1.0125208,-79.4677638,-97,,4.0,1753454710356,1.1,297.2,98.0,31,Xiaomi_M2003J15SC
2,LTE,LTE,740,1,60414,51363339,2147483647,-1.012495,-79.4678089,-103,,3.7,1753454715200,1.2,301.1,97.9,31,Xiaomi_M2003J15SC
2,LTE,LTE,740,1,60414,51363339,2147483647,-1.0124858,-79.4678449,-104,,3.8,1753454720073,1.1,291.7,98.0,31,Xiaomi_M2003J15SC
2,LTE,LTE,740,1,60414,51363339,2147483647,-1.0124853,-79.4678823,-102,,3.8,1753454724836,1.0,294.0,98.0,31,Xiaomi_M2003J15SC
2,LTE,LTE,740,1,60414,51363339,2147483647,-1.012518,-79.4679476,-106,,4.3,1753454730250,1.1,255.4,98.0,31,Xiaomi_M2003J15SC
2,LTE,LTE,740,1,60414,51363339,2147483647,-1.0125423,-79.4679943,-104,,5.5,1753454735114,1.1,252.8,98.0,31,Xiaomi_M2003J15SC
2,LTE,LTE,740,1,60414,51363339,2147483647,-1.0125571,-79.4680337,-107,,6.0,1753454739877,1.1,257.8,98.2,31,Xiaomi_M2003J15SC
2,LTE,LTE,740,1,60414,51363339,2147483647,-1.0125569,-79.4680774,-108,,6.4,1753454744510,1.1,272.1,98.0,31,Xiaomi_M2003J15SC
2,LTE,LTE,740,1,60414,51363339,2147483647,-1.0125678,-79.4681232,-97,,6.3,1753454749374,1.1,260.2,98.0,31,Xiaomi_M2003J15SC
2,LTE,LTE,740,1,60414,51363339,2147483647,-1.0125529,-79.4681674,-93,,6.1,1753454754118,1.1,275.1,98.1,31,Xiaomi_M2003J15SC
2,LTE,LTE,740,1,60414,51363339,2147483647,-1.0125493,-79.4682077,-91,,6.4,1753454759834,0.8,251.1,98.0,31,Xiaomi_M2003J15SC
2,LTE,LTE,740,1,60414,51363339,2147483647,-1.0125578,-79.4682014,-88,,5.0,1753454764535,0.8,244.3,98.1,31,Xiaomi_M2003J15SC
2,LTE,LTE,740,1,60414,51363339,2147483647,-1.0125742,-79.4682129,-87,,4.1,1753454772043,0.1,164.4,98.0,31,Xiaomi_M2003J15SC
2,LTE,LTE,740,1,60414,51363339,2147483647,-1.0125691,-79.4682117,-86,,4.2,1753454777057,0.1,167.3,98.1,31,Xiaomi_M2003J15SC
2,LTE,LTE,740,1,60414,51363339,2147483647,-1.0125707,-79.4682089,-85,,4.3,1753454781612,0.1,0.0,98.0,31,Xiaomi_M2003J15SC
2,LTE,LTE,740,1,60414,51363339,2147483647,-1.0125748,-79.4682153,-90,,4.3,1753454786248,0.4,247.3,98.1,31,Xiaomi_M2003J15SC
2,LTE,LTE,740,1,60414,51363339,2147483647,-1.0125789,-79.4682366,-87,,4.7,1753454790918,0.8,253.8,98.0,31,Xiaomi_M2003J15SC
2,LTE,LTE,740,1,60414,51363339,2147483647,-1.0125938,-79.4682999,-92,,5.6,1753454795831,1.2,264.8,98.0,31,Xiaomi_M2003J15SC
2,LTE,LTE,740,1,60414,51363339,2147483647,-1.0125672,-79.4683516,-95,,5.7,1753454800393,1.2,291.7,98.0,31,Xiaomi_M2003J15SC
2,LTE,LTE,740,1,60414,51363339,2147483647,-1.0125678,-79.4683968,-98,,6.0,1753454804916,1.1,290.7,97.8,31,Xiaomi_M2003J15SC
2,LTE,LTE,740,1,60414,51363339,2147483647,-1.0125846,-79.4684436,-101,,6.2,1753454809498,1.2,276.8,97.8,31,Xiaomi_M2003J15SC
2,LTE,LTE,740,1,60414,51363339,2147483647,-1.0125894,-79.4684923,-104,,6.5,1753454814290,1.1,290.4,97.6,31,Xiaomi_M2003J15SC
2,LTE,LTE,740,1,60414,51363339,2147483647,-1.0125872,-79.4685423,-103,,5.8,1753454819415,1.0,263.3,98.1,31,Xiaomi_M2003J15SC
2,LTE,LTE,740,1,60414,51363339,2147483647,-1.0125821,-79.4685827,-103,,5.1,1753454824017,1.0,289.5,97.6,31,Xiaomi_M2003J15SC
2,LTE,LTE,740,1,60414,51363339,2147483647,-1.0125825,-79.4686249,-102,,5.3,1753454828598,1.1,279.1,97.5,31,Xiaomi_M2003J15SC
2,LTE,LTE,740,1,60414,51363339,2147483647,-1.0125573,-79.4686559,-99,,5.5,1753454833374,1.1,347.4,97.5,31,Xiaomi_M2003J15SC
2,LTE,LTE,740,1,60414,51363339,2147483647,-1.0125267,-79.4686519,-97,,4.7,1753454838377,0.9,339.5,97.6,31,Xiaomi_M2003J15SC
2,LTE,LTE,740,1,60414,51363339,2147483647,-1.0124947,-79.4686885,-100,,3.6,1753454843071,1.0,276.9,97.5,31,Xiaomi_M2003J15SC
2,LTE,LTE,740,1,60414,51363339,2147483647,-1.0124868,-79.4687332,-95,,3.5,1753454847753,1.1,277.1,97.6,31,Xiaomi_M2003J15SC
2,LTE,LTE,740,1,60414,51363339,2147483647,-1.0124823,-79.4687805,-93,,3.6,1753454852375,1.1,279.3,97.6,31,Xiaomi_M2003J15SC
2,LTE,LTE,740,1,60414,51363339,2147483647,-1.0124645,-79.4688304,-93,,4.9,1753454856958,1.2,290.5,98.3,31,Xiaomi_M2003J15SC
2,LTE,LTE,740,1,60414,51363339,2147483647,-1.0124434,-79.4688763,-98,,6.0,1753454861871,1.2,299.1,98.4,31,Xiaomi_M2003J15SC
2,LTE,LTE,740,1,60414,51363339,2147483647,-1.0124137,-79.4689173,-98,,6.2,1753454866614,1.2,285.3,98.3,31,Xiaomi_M2003J15SC
2,LTE,LTE,740,1,60414,51363339,2147483647,-1.0124149,-79.4689752,-105,,5.9,1753454871297,1.2,284.7,98.3,31,Xiaomi_M2003J15SC
2,LTE,LTE,740,1,60414,51363339,2147483647,-1.0124025,-79.469011,-105,,5.6,1753454875901,1.1,290.8,98.3,31,Xiaomi_M2003J15SC
2,LTE,LTE,740,1,60414,51363339,2147483647,-1.0123916,-79.4690443,-106,,6.1,1753454881094,1.1,288.6,98.3,31,Xiaomi_M2003J15SC
2,LTE,LTE,740,1,60414,51363339,2147483647,-1.01241,-79.4690812,-110,,5.9,1753454886096,1.1,283.2,98.3,31,Xiaomi_M2003J15SC
2,LTE,LTE,740,1,60414,51363339,2147483647,-1.0124164,-79.4691235,-110,,5.4,1753454891332,1.1,284.9,98.4,31,Xiaomi_M2003J15SC
2,LTE,IWLAN,740,1,60414,51363339,59,-1.0124078,-79.4691773,-103,,5.6,1753454896015,1.1,282.3,98.6,31,Xiaomi_M2003J15SC
2,LTE,IWLAN,740,1,60414,51363339,59,-1.0124306,-79.4692231,-102,,5.8,1753454900739,1.1,269.7,98.6,31,Xiaomi_M2003J15SC
2,LTE,IWLAN,740,1,60414,51363339,59,-1.0124122,-79.4692698,-105,6,6.0,1753454905371,1.2,287.3,98.4,31,Xiaomi_M2003J15SC
2,LTE,IWLAN,740,1,60414,51363359,2147483647,-1.0123967,-79.4693055,-101,,6.3,1753454910112,1.0,287.5,98.4,31,Xiaomi_M2003J15SC
2,LTE,IWLAN,740,1,60414,51363359,2147483647,-1.0123955,-79.4693429,-101,,5.8,1753454914896,1.1,290.8,98.3,31,Xiaomi_M2003J15SC
2,LTE,IWLAN,740,1,60414,51363359,2147483647,-1.0123763,-79.4693868,-97,,5.7,1753454919870,1.0,299.5,98.3,31,Xiaomi_M2003J15SC
2,LTE,IWLAN,740,1,60414,51363359,2147483647,-1.0123895,-79.469432,-95,,6.4,1753454924432,1.1,279.6,98.3,31,Xiaomi_M2003J15SC
2,LTE,IWLAN,740,1,60414,51363359,2147483647,-1.0123982,-79.4694786,-95,,6.1,1753454928934,1.1,275.4,98.3,31,Xiaomi_M2003J15SC
2,LTE,IWLAN,740,1,60414,51363359,2147483647,-1.0123836,-79.4695218,-99,,5.9,1753454933577,1.2,290.9,98.3,31,Xiaomi_M2003J15SC
2,LTE,IWLAN,740,1,60414,51363359,2147483647,-1.0123724,-79.4695623,-99,,6.0,1753454938271,1.2,296.5,97.6,31,Xiaomi_M2003J15SC
2,LTE,IWLAN,740,1,60414,51363359,2147483647,-1.0123818,-79.469587,-101,,6.0,1753454943267,0.8,290.2,97.6,31,Xiaomi_M2003J15SC
2,LTE,IWLAN,740,1,60414,51363359,2147483647,-1.012388,-79.4695978,-101,,5.8,1753454947925,0.4,237.4,97.6,31,Xiaomi_M2003J15SC
2,LTE,LTE,740,1,60414,51363359,59,-1.012396,-79.4695944,-101,6,5.5,1753454954294,0.1,261.7,97.6,31,Xiaomi_M2003J15SC
2,LTE,LTE,740,1,60414,51363359,59,-1.0123959,-79.4695783,-99,6,5.1,1753454959499,0.1,0.0,97.6,31,Xiaomi_M2003J15SC
2,LTE,LTE,740,1,60414,51363339,2147483647,-1.0124001,-79.4695563,-102,,3.6,1753454964734,0.1,0.0,97.5,31,Xiaomi_M2003J15SC
2,LTE,LTE,740,1,60414,51363339,2147483647,-1.0123988,-79.4695524,-99,,3.4,1753454971991,0.2,141.6,97.5,31,Xiaomi_M2003J15SC
2,LTE,LTE,740,1,60414,51363339,2147483647,-1.012404,-79.4695552,-100,,4.3,1753454977005,0.1,157.6,97.5,31,Xiaomi_M2003J15SC
2,LTE,LTE,740,1,60414,51363339,2147483647,-1.0124041,-79.4695582,-100,,4.7,1753454982018,0.1,165.9,97.5,31,Xiaomi_M2003J15SC
2,LTE,LTE,740,1,60414,51363339,2147483647,-1.0124071,-79.469561,-98,,5.1,1753454987033,0.1,205.0,97.6,31,Xiaomi_M2003J15SC
2,LTE,LTE,740,1,60414,51363339,2147483647,-1.0124117,-79.4695495,-96,,2.3,1753454991986,0.0,0.0,97.6,31,Xiaomi_M2003J15SC
2,LTE,LTE,740,1,60414,51363339,2147483647,-1.0124042,-79.4695686,-96,,4.1,1753454997060,0.2,218.6,97.5,31,Xiaomi_M2003J15SC
2,LTE,LTE,740,1,60414,51363339,2147483647,-1.0124038,-79.4695606,-96,,4.5,1753455002074,0.1,217.0,97.5,31,Xiaomi_M2003J15SC
2,LTE,LTE,740,1,60414,51363339,2147483647,-1.0124025,-79.4695589,-98,,4.3,1753455006988,0.1,185.4,97.5,31,Xiaomi_M2003J15SC
2,LTE,LTE,740,1,60414,51363339,2147483647,-1.0124081,-79.469556,-98,,4.4,1753455012102,0.1,181.2,97.5,31,Xiaomi_M2003J15SC
2,LTE,LTE,740,1,60414,51363339,2147483647,-1.0124172,-79.4695539,-96,,4.6,1753455017116,0.1,163.7,97.5,31,Xiaomi_M2003J15SC
2,LTE,LTE,740,1,60414,51363339,2147483647,-1.0124064,-79.4695574,-96,,5.0,1753455022028,0.1,0.0,97.5,31,Xiaomi_M2003J15SC
2,LTE,LTE,740,1,60414,51363339,2147483647,-1.0123634,-79.4695569,-97,,4.0,1753455027043,0.1,0.0,97.5,31,Xiaomi_M2003J15SC
2,LTE,LTE,740,1,60414,51363339,2147483647,-1.0122976,-79.4695661,-97,,2.2,1753455031986,0.4,342.1,97.5,31,Xiaomi_M2003J15SC
2,LTE,LTE,740,1,60414,51363339,2147483647,-1.0122865,-79.4695716,-97,,2.2,1753455036986,0.1,359.6,97.5,31,Xiaomi_M2003J15SC
2,LTE,LTE,740,1,60414,51363339,2147483647,-1.0123293,-79.4695756,-97,,4.3,1753455042084,0.2,217.4,97.5,31,Xiaomi_M2003J15SC
2,LTE,LTE,740,1,60414,51363339,2147483647,-1.0123225,-79.469572,-98,,4.4,1753455046896,0.2,139.6,97.5,31,Xiaomi_M2003J15SC
2,LTE,LTE,740,1,60414,51363339,2147483647,-1.0123163,-79.4695988,-97,,4.5,1753455051774,0.8,294.5,97.5,31,Xiaomi_M2003J15SC
2,LTE,LTE,740,1,60414,51363339,2147483647,-1.0123193,-79.4696547,-97,,4.8,1753455056617,1.0,275.9,97.5,31,Xiaomi_M2003J15SC
2,LTE,LTE,740,1,60414,51363339,2147483647,-1.0123458,-79.4697217,-99,,6.1,1753455062040,1.1,267.2,97.4,31,Xiaomi_M2003J15SC
2,LTE,LTE,740,1,60414,51363339,2147483647,-1.0123378,-79.4697679,-97,,6.6,1753455066595,1.2,270.2,97.4,31,Xiaomi_M2003J15SC
2,LTE,LTE,740,1,60414,51363339,2147483647,-1.0123652,-79.4698097,-97,,7.2,1753455071157,1.1,228.9,97.5,31,Xiaomi_M2003J15SC
2,LTE,LTE,740,1,60414,51363339,2147483647,-1.0123947,-79.4698473,-97,,7.0,1753455075690,1.2,230.1,97.5,31,Xiaomi_M2003J15SC
2,LTE,LTE,740,1,60414,51363339,2147483647,-1.0124216,-79.4698946,-98,,6.4,1753455081175,1.1,277.7,97.5,31,Xiaomi_M2003J15SC
2,LTE,LTE,740,1,60414,51363339,2147483647,-1.0124141,-79.4699505,-98,,5.6,1753455086570,1.2,289.7,97.5,31,Xiaomi_M2003J15SC
2,LTE,LTE,740,1,60414,51363339,2147483647,-1.0123928,-79.4700248,-99,,5.6,1753455091093,1.2,278.0,97.5,31,Xiaomi_M2003J15SC
2,LTE,LTE,740,1,60414,51363339,2147483647,-1.0123824,-79.470072,-99,,5.7,1753455095596,1.2,293.9,97.5,31,Xiaomi_M2003J15SC
2,LTE,LTE,740,1,60414,51363339,2147483647,-1.0123849,-79.4701048,-101,,6.2,1753455100238,1.2,276.0,97.4,31,Xiaomi_M2003J15SC
2,LTE,IWLAN,740,1,60414,51363339,59,-1.0123968,-79.470135,-105,,6.0,1753455105011,1.1,256.2,97.4,31,Xiaomi_M2003J15SC
2,LTE,IWLAN,740,1,60414,51363339,59,-1.0124062,-79.4701744,-103,6,6.1,1753455109715,1.2,283.5,97.4,31,Xiaomi_M2003J15SC
2,LTE,IWLAN,740,1,60414,51363339,59,-1.0123978,-79.4702227,-104,6,5.6,1753455114519,1.1,288.5,97.5,31,Xiaomi_M2003J15SC
2,LTE,IWLAN,740,1,60414,51257632,2147483647,-1.0123894,-79.4702641,-96,,5.2,1753455119332,1.0,283.0,97.5,31,Xiaomi_M2003J15SC
2,LTE,IWLAN,740,1,60414,51257632,2147483647,-1.0123959,-79.4703,-96,,5.3,1753455124073,1.0,271.4,97.5,31,Xiaomi_M2003J15SC
2,LTE,IWLAN,740,1,60414,51257612,2147483647,-1.0123948,-79.470336,-103,,6.0,1753455128817,1.0,277.7,97.5,31,Xiaomi_M2003J15SC
2,LTE,IWLAN,740,1,60414,51257612,2147483647,-1.0123898,-79.4703676,-103,,5.6,1753455133411,1.1,282.1,97.4,31,Xiaomi_M2003J15SC
2,LTE,IWLAN,740,1,60414,51257632,2147483647,-1.0123709,-79.4704145,-104,,5.6,1753455138093,1.1,278.5,97.4,31,Xiaomi_M2003J15SC
2,LTE,IWLAN,740,1,60414,51257632,2147483647,-1.012366,-79.4704609,-102,,5.8,1753455142777,1.0,275.9,97.5,31,Xiaomi_M2003J15SC
2,LTE,IWLAN,740,1,60414,51257632,2147483647,-1.01237,-79.4705001,-102,,7.3,1753455147359,1.1,280.8,97.5,31,Xiaomi_M2003J15SC
2,LTE,IWLAN,740,1,60414,51257632,2147483647,-1.0123942,-79.4705609,-99,,6.9,1753455151872,1.2,219.9,62.1,31,Xiaomi_M2003J15SC
2,LTE,LTE,740,1,60414,51257632,67,-1.0124027,-79.4706006,-98,,6.6,1753455156816,1.1,272.4,62.1,31,Xiaomi_M2003J15SC
2,LTE,LTE,740,1,60414,51257632,67,-1.0123753,-79.4706475,-97,,5.6,1753455161399,1.1,289.8,61.8,31,Xiaomi_M2003J15SC
2,LTE,LTE,740,1,60414,51257632,67,-1.0123639,-79.4706919,-97,,5.5,1753455166110,1.1,281.9,61.8,31,Xiaomi_M2003J15SC
2,LTE,LTE,740,1,60414,51257632,67,-1.0123721,-79.4707358,-100,,5.7,1753455170675,1.2,273.5,61.9,31,Xiaomi_M2003J15SC
2,LTE,LTE,740,1,60414,51257632,67,-1.0123871,-79.4707756,-96,,6.0,1753455175518,1.1,274.8,61.9,31,Xiaomi_M2003J15SC
2,LTE,LTE,740,1,60414,51257632,67,-1.0124043,-79.4708181,-94,,6.0,1753455180228,1.1,267.3,62.1,31,Xiaomi_M2003J15SC
2,LTE,LTE,740,1,60414,51257632,67,-1.012415,-79.4708679,-95,,6.2,1753455185757,1.2,251.3,62.1,31,Xiaomi_M2003J15SC
2,LTE,LTE,740,1,60414,51257632,67,-1.0124066,-79.4708826,-93,,5.9,1753455190689,1.1,268.0,61.6,31,Xiaomi_M2003J15SC
2,LTE,LTE,740,1,60414,51257632,67,-1.0124177,-79.4709356,-93,,6.0,1753455195534,1.2,244.9,61.6,31,Xiaomi_M2003J15SC
2,LTE,LTE,740,1,60414,51257632,67,-1.012418,-79.4709786,-95,,6.6,1753455200357,1.2,272.9,61.9,31,Xiaomi_M2003J15SC
2,LTE,LTE,740,1,60414,51257632,67,-1.0124116,-79.4710442,-98,,6.1,1753455205411,1.2,276.6,61.9,31,Xiaomi_M2003J15SC
2,LTE,LTE,740,1,60414,51257632,67,-1.0123972,-79.4710889,-97,4,6.0,1753455209954,1.1,287.5,62.0,31,Xiaomi_M2003J15SC
2,LTE,LTE,740,1,60414,51363361,57,-1.0123882,-79.4711365,-92,4,5.9,1753455214837,1.1,281.9,62.0,31,Xiaomi_M2003J15SC
2,LTE,LTE,740,1,60414,51363361,57,-1.0123875,-79.4711824,-86,6,6.2,1753455219671,1.0,268.0,61.9,31,Xiaomi_M2003J15SC
2,LTE,LTE,740,1,60414,51363361,57,-1.012372,-79.4712155,-81,6,6.0,1753455225216,0.6,298.6,61.9,31,Xiaomi_M2003J15SC
2,LTE,LTE,740,1,60414,51363361,57,-1.0123603,-79.4712214,-90,,5.6,1753455230172,0.5,279.5,61.7,31,Xiaomi_M2003J15SC
2,LTE,LTE,740,1,60414,51363341,57,-1.0123547,-79.4712353,-91,,5.9,1753455235216,0.8,293.3,61.7,31,Xiaomi_M2003J15SC
2,LTE,LTE,740,1,60414,51363341,57,-1.0123322,-79.4712676,-93,,6.2,1753455240242,0.9,289.3,61.7,31,Xiaomi_M2003J15SC
2,LTE,LTE,740,1,60414,51363341,57,-1.012339,-79.4712766,-94,,4.9,1753455245072,0.9,298.5,61.7,31,Xiaomi_M2003J15SC
2,LTE,LTE,740,1,60414,51363341,57,-1.0123401,-79.4713237,-95,,3.6,1753455249735,0.5,263.9,61.7,31,Xiaomi_M2003J15SC
2,LTE,LTE,740,1,60414,51363341,57,-1.0123376,-79.4713737,-92,,3.7,1753455254639,0.8,285.7,61.7,31,Xiaomi_M2003J15SC
2,LTE,LTE,740,1,60414,51363341,57,-1.0123289,-79.4714051,-91,,3.8,1753455259389,0.6,300.4,61.8,31,Xiaomi_M2003J15SC
2,LTE,LTE,740,1,60414,51363341,57,-1.0123244,-79.4714668,-90,,3.9,1753455264094,0.8,274.1,61.8,31,Xiaomi_M2003J15SC
2,LTE,LTE,740,1,60414,51257612,2147483647,-1.0123498,-79.4715164,-86,,4.1,1753455269199,0.8,241.8,61.8,31,Xiaomi_M2003J15SC
2,LTE,LTE,740,1,60414,51257612,2147483647,-1.0123772,-79.4715334,-91,,4.0,1753455273952,0.8,184.2,61.6,31,Xiaomi_M2003J15SC
2,LTE,LTE,740,1,60414,51363341,2147483647,-1.0124037,-79.4715449,-87,,4.7,1753455278796,0.9,199.3,61.6,31,Xiaomi_M2003J15SC
2,LTE,LTE,740,1,60414,51363341,2147483647,-1.0123524,-79.471576,-86,,4.1,1753455283499,0.8,199.2,61.6,31,Xiaomi_M2003J15SC
2,LTE,LTE,740,1,60414,51363341,2147483647,-1.0124074,-79.4715644,-88,,5.9,1753455288093,0.6,160.6,61.6,31,Xiaomi_M2003J15SC
2,LTE,LTE,740,1,60414,51363341,2147483647,-1.0124813,-79.4715468,-86,,3.5,1753455293536,0.9,151.0,61.6,31,Xiaomi_M2003J15SC
2,LTE,LTE,740,1,60414,51363341,2147483647,-1.0125414,-79.4715324,-88,,3.4,1753455298309,1.0,146.6,61.6,31,Xiaomi_M2003J15SC
2,LTE,LTE,740,1,60414,51363341,2147483647,-1.0125723,-79.4715098,-85,,3.7,1753455303013,0.6,110.1,61.6,31,Xiaomi_M2003J15SC
2,LTE,LTE,740,1,60414,51257632,2147483647,-1.0125837,-79.4714686,-86,,3.6,1753455307536,0.9,76.3,61.6,31,Xiaomi_M2003J15SC
2,LTE,LTE,740,1,60414,51363341,2147483647,-1.0125954,-79.4714337,-91,,6.1,1753455312098,0.9,109.2,61.9,31,Xiaomi_M2003J15SC
2,LTE,LTE,740,1,60414,51363341,2147483647,-1.0126604,-79.471484,-92,,6.1,1753455316751,1.2,124.7,30.1,31,Xiaomi_M2003J15SC
2,LTE,LTE,740,1,60414,51363341,2147483647,-1.0127046,-79.4714316,-98,,4.9,1753455321634,1.1,126.5,106.6,31,Xiaomi_M2003J15SC
2,LTE,LTE,740,1,60414,51363341,2147483647,-1.0127059,-79.4713983,-98,,4.6,1753455326739,1.1,122.3,30.6,31,Xiaomi_M2003J15SC
2,LTE,LTE,740,1,60414,51363341,2147483647,-1.0127187,-79.4713564,-94,,5.1,1753455331311,1.1,101.1,108.3,31,Xiaomi_M2003J15SC
2,LTE,LTE,740,1,60414,51363341,2147483647,-1.0127054,-79.4712998,-94,,5.7,1753455336175,1.1,89.9,106.7,31,Xiaomi_M2003J15SC
2,LTE,LTE,740,1,60414,51363341,2147483647,-1.0127013,-79.4712496,-95,,6.8,1753455340818,1.1,73.0,106.5,31,Xiaomi_M2003J15SC
2,LTE,LTE,740,1,60414,51363341,2147483647,-1.0126135,-79.4712097,-86,,7.3,1753455345953,1.2,7.4,30.6,31,Xiaomi_M2003J15SC
2,LTE,LTE,740,1,60414,51363341,2147483647,-1.0125496,-79.4711926,-89,,7.1,1753455350496,1.0,2.9,63.6,31,Xiaomi_M2003J15SC
2,LTE,LTE,740,1,60414,51363341,2147483647,-1.0125029,-79.4711555,-92,,6.8,1753455355439,0.8,46.9,63.6,31,Xiaomi_M2003J15SC
2,LTE,LTE,740,1,60414,51363341,2147483647,-1.0124902,-79.4710801,-93,,5.6,1753455360272,1.0,83.1,62.0,31,Xiaomi_M2003J15SC
2,LTE,LTE,740,1,60414,51257612,2147483647,-1.0124864,-79.4710257,-100,,5.6,1753455364872,1.1,105.7,61.9,31,Xiaomi_M2003J15SC
2,LTE,LTE,740,1,60414,51257612,2147483647,-1.0124847,-79.4709727,-100,,5.8,1753455369417,1.2,100.7,61.9,31,Xiaomi_M2003J15SC
2,LTE,IWLAN,740,1,60414,51257612,67,-1.0124887,-79.4709256,-94,,6.0,1753455374229,1.2,126.3,61.9,31,Xiaomi_M2003J15SC
2,LTE,IWLAN,740,1,60414,51257612,67,-1.0125096,-79.4708904,-96,,5.9,1753455378834,1.1,142.9,61.9,31,Xiaomi_M2003J15SC
2,LTE,IWLAN,740,1,60414,51257612,67,-1.0125611,-79.4708925,-96,,6.3,1753455384020,1.1,185.0,61.9,31,Xiaomi_M2003J15SC
2,LTE,IWLAN,740,1,60414,51363361,2147483647,-1.0126531,-79.4709358,-97,,6.1,1753455388751,1.3,184.9,97.6,31,Xiaomi_M2003J15SC
2,LTE,IWLAN,740,1,60414,51363361,2147483647,-1.0126899,-79.4709493,-97,,6.0,1753455393435,0.9,194.5,97.6,31,Xiaomi_M2003J15SC
2,LTE,LTE,740,1,60414,51363361,57,-1.0127269,-79.470954,-103,,6.8,1753455398058,0.9,176.6,30.1,31,Xiaomi_M2003J15SC
2,LTE,IWLAN,740,1,60414,51363361,57,-1.0127542,-79.4710182,-101,,8.0,1753455403311,1.1,236.7,30.1,31,Xiaomi_M2003J15SC
2,LTE,IWLAN,740,1,60414,51363361,57,-1.0127864,-79.471012,-99,,8.5,1753455408076,1.0,204.9,34.0,31,Xiaomi_M2003J15SC
2,LTE,IWLAN,740,1,60414,51363361,57,-1.0128218,-79.4710197,-98,,10.0,1753455412960,1.2,203.3,34.0,31,Xiaomi_M2003J15SC
2,LTE,IWLAN,740,1,60414,51363359,59,-1.0128134,-79.4709092,-98,,7.8,1753455418094,1.0,87.2,34.0,31,Xiaomi_M2003J15SC
2,LTE,IWLAN,740,1,60414,51363359,59,-1.0128109,-79.4708583,-95,,4.9,1753455422837,1.0,99.7,34.0,31,Xiaomi_M2003J15SC
2,LTE,IWLAN,740,1,60414,51363359,59,-1.0128003,-79.470817,-96,,5.6,1753455427851,0.9,84.8,34.1,31,Xiaomi_M2003J15SC
2,LTE,IWLAN,740,1,60414,51363361,2147483647,-1.0127889,-79.4707944,-94,,6.0,1753455432374,0.8,82.0,34.1,31,Xiaomi_M2003J15SC
2,LTE,IWLAN,740,1,60414,51363361,2147483647,-1.0127634,-79.4707726,-98,,5.9,1753455437085,0.5,61.6,34.0,31,Xiaomi_M2003J15SC
2,LTE,IWLAN,740,1,60414,51363361,2147483647,-1.0127715,-79.4707863,-98,,5.8,1753455441999,0.1,66.8,34.0,31,Xiaomi_M2003J15SC
2,LTE,IWLAN,740,1,60414,51363361,2147483647,-1.0127712,-79.4707835,-97,,5.1,1753455447013,0.1,66.3,37.5,31,Xiaomi_M2003J15SC
2,LTE,IWLAN,740,1,60414,51363361,2147483647,-1.0127776,-79.4707902,-97,,4.8,1753455452027,0.1,69.3,37.5,31,Xiaomi_M2003J15SC
2,LTE,IWLAN,740,1,60414,51363361,2147483647,-1.0127982,-79.4708182,-99,,4.5,1753455456985,0.0,0.0,37.6,31,Xiaomi_M2003J15SC
2,LTE,IWLAN,740,1,60414,51363361,2147483647,-1.0127983,-79.4708183,-100,,3.4,1753455461985,0.0,0.0,37.6,31,Xiaomi_M2003J15SC
2,LTE,IWLAN,740,1,60414,51363361,2147483647,-1.0127983,-79.4708183,-101,,2.2,1753455466985,0.0,0.0,37.6,31,Xiaomi_M2003J15SC
2,LTE,IWLAN,740,1,60414,51363361,2147483647,-1.0128399,-79.4707999,-101,,2.1,1753455471985,0.1,0.0,37.6,31,Xiaomi_M2003J15SC
2,LTE,IWLAN,740,1,60414,51363361,2147483647,-1.0128432,-79.4707984,-100,,2.1,1753455476985,0.0,0.0,37.6,31,Xiaomi_M2003J15SC
2,LTE,IWLAN,740,1,60414,51363361,2147483647,-1.0128433,-79.4707983,-100,,2.2,1753455481984,0.0,0.0,37.6,31,Xiaomi_M2003J15SC
2,LTE,IWLAN,740,1,60414,51363361,2147483647,-1.0128433,-79.4707983,-103,,2.5,1753455486985,0.0,0.0,37.6,31,Xiaomi_M2003J15SC
2,LTE,IWLAN,740,1,60414,51363361,2147483647,-1.0128433,-79.4707983,-105,,2.4,1753455491984,0.0,0.0,37.6,31,Xiaomi_M2003J15SC
