Second,microtesla
0.1,20.672333
0.2,24.924637
0.3,24.924637
0.4,25.540188
0.5,25.540188
0.6,25.691835
0.7,25.691835
0.8,26.147263
0.9,26.147263
1.0,26.001244
1.1,26.001244
1.2,25.882452
1.3,25.882452
1.4,26.306334
1.5,26.306334
1.6,26.182419
1.7,26.182419
1.8,26.294762
1.9,26.337606
2.0,26.51758
2.1,26.51758
2.2,26.29693
2.3,26.29693
2.4,26.720392
2.5,26.720392
2.6,26.751184
2.7,26.751184
2.8,26.621784
2.9,26.621784
3.0,26.598728
3.1,26.598728
3.2,26.64696
3.3,26.64696
3.4,26.88134
3.5,26.88134
3.6,26.574125
3.7,26.574125
3.8,26.530586
3.9,26.530586
4.0,27.06419
4.1,27.06419
4.2,27.729275
4.3,27.729275
4.4,28.21885
4.5,28.21885
4.6,27.73735
4.7,27.73735
4.8,27.210207
4.9,27.210207
5.0,27.78716
5.1,27.78716
5.2,28.131735
5.3,28.131735
5.4,28.450998
5.5,28.450998
5.6,28.878721
5.7,28.878721
5.8,28.82199
5.9,28.674042
6.0,29.10257
6.1,29.10257
6.2,28.377766
6.3,28.377766
6.4,28.08117
6.5,28.08117
6.6,28.053581
6.7,28.053581
6.8,27.827456
6.9,27.827456
7.0,27.685205
7.1,27.685205
7.2,26.545021
7.3,26.545021
7.4,26.13552
7.5,26.13552
7.6,25.315897
7.7,25.315897
7.8,24.619059
7.9,24.619059
8.0,24.439642
8.1,24.439642
8.2,23.655966
8.3,23.655966
8.4,23.19478
8.5,23.19478
8.6,22.834024
8.7,22.834024
8.8,21.948387
8.9,21.948387
9.0,21.25352
9.1,21.25352
9.2,21.566856
9.3,21.566856
9.4,20.945133
9.5,20.945133
9.6,20.633867
9.7,20.633867
9.8,21.049658
9.9,21.049658
10.0,20.934576
10.1,20.934576
10.2,20.503534
10.3,20.503534
10.4,20.649096
10.5,20.649096
10.6,20.631403
10.7,20.631403
10.8,20.583693
10.9,20.583693
11.0,20.165642
11.1,20.165642
11.2,20.257673
11.3,20.257673
11.4,20.504372
11.5,20.504372
11.6,21.407902
11.7,21.407902
11.8,21.669231
11.9,21.669231
12.0,21.203796
12.1,21.203796
12.2,21.459322
12.3,21.459322
12.4,21.614998
12.5,21.614998
12.6,21.360697
12.7,21.360697
12.8,21.36918
12.9,21.36918
13.0,21.693882
13.1,21.693882
13.2,22.081978
13.3,22.081978
13.4,21.51033
13.5,21.51033
13.6,21.385216
13.7,21.385216
13.8,21.624712
13.9,21.624712
14.0,21.504677
14.1,21.504677
14.2,22.078323
14.3,22.078323
14.4,22.776041
14.5,22.776041
14.6,22.681427
14.7,22.681427
14.8,22.20716
14.9,22.20716
15.0,21.912254
15.1,21.912254
15.2,22.355364
15.3,22.355364
15.4,22.613052
15.5,22.613052
15.6,22.691143
15.7,22.691143
15.8,23.030329
15.9,23.030329
16.0,23.779108
16.1,23.779108
16.2,24.320429
16.3,24.320429
16.4,24.148798
16.5,24.148798
16.6,24.789804
16.7,24.789804
16.8,25.29951
16.9,25.29951
17.0,25.427595
17.1,25.427595
17.2,25.940533
17.3,25.940533
17.4,26.30098
17.5,26.30098
17.6,26.566183
17.7,26.566183
17.8,26.058207
17.9,26.058207
18.0,26.745327
18.1,26.745327
18.2,26.734434
18.3,26.734434
18.4,26.376425
18.5,26.376425
18.6,26.431618
18.7,26.431618
18.8,25.633749
18.9,25.633749
19.0,25.500013
19.1,25.500013
19.2,25.70024
19.3,25.70024
19.4,25.518766
19.5,25.518766
19.6,25.617447
19.7,25.617447
19.8,25.632664
19.9,25.632664
20.0,25.902672
20.1,25.902672
20.2,25.559273
20.3,25.559273
20.4,25.603292
20.5,25.603292
20.6,26.35507
20.7,26.35507
20.8,26.30408
20.9,26.30408
21.0,26.102867
21.1,25.962458
21.2,26.077768
21.3,26.077768
21.4,26.026592
21.5,26.026592
21.6,26.145042
21.7,26.145042
21.8,25.99558
21.9,25.99558
22.0,25.890347
22.1,25.890347
22.2,25.829437
22.3,25.829437
22.4,25.747515
22.5,25.747515
22.6,25.511831
22.7,25.511831
22.8,25.421625
22.9,25.421625
23.0,25.394072
23.1,25.394072
23.2,25.546934
23.3,25.546934
23.4,25.571148
23.5,25.571148
23.6,25.427313
23.7,25.427313
23.8,25.80814
23.9,25.80814
24.0,25.805588
24.1,25.805588
24.2,25.798805
24.3,25.798805
24.4,25.4702
24.5,25.4702
24.6,25.628096
24.7,25.628096
24.8,26.143372
24.9,26.143372
25.0,26.20065
25.1,26.20065
25.2,26.299559
25.3,26.299559
25.4,26.252016
25.5,26.252016
25.6,26.18066
25.7,26.18066
25.8,26.379139
25.9,26.379139
26.0,26.783041
26.1,26.783041
26.2,26.71845
26.3,26.71845
26.4,27.382551
26.5,27.382551
26.6,27.638195
26.7,27.638195
26.8,27.538465
26.9,27.538465
27.0,27.517302
27.1,27.517302
27.2,27.500607
27.3,27.500607
27.4,27.342575
27.5,27.342575
27.6,27.319351
27.7,27.319351
27.8,27.312746
27.9,27.312746
28.0,27.462324
28.1,27.462324
28.2,26.996561
28.3,26.996561
28.4,26.718056
28.5,26.718056
28.6,26.839525
28.7,26.839525
28.8,27.377321
28.9,27.377321
29.0,27.822222
29.1,27.822222
29.2,27.934734
29.3,27.934734
29.4,27.8461
29.5,27.8461
29.6,28.28701
29.7,28.28701
29.8,28.550123
29.9,28.550123
30.0,28.446913
30.1,28.446913
30.2,28.226936
30.3,28.226936
30.4,28.594238
30.5,28.594238
30.6,28.298893
30.7,28.298893
30.8,28.22777
30.9,28.22777
31.0,28.572302
31.1,28.572302
31.2,28.639265
31.3,28.639265
31.4,28.671299
31.5,28.671299
31.6,28.445013
31.7,28.445013
31.8,28.5518
31.9,28.5518
32.0,28.655666
32.1,28.655666
32.2,28.893545
32.3,28.893545
32.4,28.414303
32.5,28.414303
32.6,28.247068
32.7,28.247068
32.8,28.789822
32.9,28.789822
33.0,28.535524
33.1,28.535524
33.2,28.250296
33.3,28.067163
33.4,27.584644
33.5,27.584644
33.6,27.393684
33.7,27.352394
33.8,27.339376
33.9,27.339376
34.0,27.821312
34.1,27.821312
34.2,28.094507
34.3,28.297897
34.4,28.623129
34.5,28.623129
34.6,28.343119
34.7,28.240307
34.8,28.19875
34.9,28.19875
35.0,27.868513
35.1,27.68107
35.2,27.54467
35.3,27.54467
35.4,27.562187
35.5,27.457062
35.6,27.287922
35.7,27.287922
35.8,26.956516
35.9,26.956516
36.0,27.371748
36.1,27.371748
36.2,27.678553
36.3,27.678553
36.4,27.480335
36.5,27.480335
36.6,27.54342
36.7,27.54342
36.8,27.729223
36.9,27.762877
37.0,27.896751
37.1,28.010069
37.2,28.266405
37.3,28.593603
37.4,28.76658
37.5,28.721231
37.6,28.809673
37.7,28.980183
37.8,29.031067
37.9,28.760221
38.0,28.499426
38.1,28.520014
38.2,28.592045
38.3,28.587559
38.4,28.77329
38.5,28.816347
38.6,28.710312
38.7,28.710312
38.8,28.356375
38.9,28.169905
39.0,28.20568
39.1,28.20568
39.2,28.337963
39.3,28.144318
39.4,28.046621
39.5,28.046621
39.6,28.54417
39.7,28.54417
39.8,28.92558
39.9,28.92558
40.0,28.920088
40.1,28.920088
40.2,29.377867
40.3,29.377867
40.4,29.736593
40.5,29.736593
40.6,29.713861
40.7,29.713861
40.8,29.232088
40.9,29.232088
41.0,29.20641
41.1,29.20641
41.2,29.124622
41.3,29.124622
41.4,29.0938
41.5,29.0938
41.6,29.019949
41.7,29.019949
41.8,29.084278
41.9,29.084278
42.0,29.09803
42.1,29.09803
42.2,29.298584
42.3,29.298584
42.4,29.670921
42.5,29.670921
42.6,29.502398
42.7,29.502398
42.8,29.58003
42.9,29.58003
43.0,29.562857
43.1,29.444649
43.2,29.204487
43.3,29.204487
43.4,29.6232
43.5,29.6232
43.6,30.026855
43.7,30.026855
43.8,30.067354
43.9,30.067354
44.0,29.981314
44.1,29.981314
44.2,30.214197
44.3,30.214197
44.4,29.995747
44.5,29.995747
44.6,29.546314
44.7,29.546314
44.8,29.127396
44.9,29.127396
45.0,28.927938
45.1,28.927938
45.2,29.154356
45.3,29.154356
45.4,29.283524
45.5,29.283524
45.6,29.49221
45.7,29.49221
45.8,29.804317
45.9,29.804317
46.0,29.367334
46.1,29.367334
46.2,28.830769
46.3,28.830769
46.4,28.948112
46.5,28.948112
46.6,29.020803
46.7,29.020803
46.8,28.87892
46.9,28.87892
47.0,29.079681
47.1,29.079681
47.2,28.867075
47.3,28.867075
47.4,28.174015
47.5,28.174015
47.6,28.156055
47.7,28.156055
47.8,28.526466
47.9,28.526466
48.0,29.075624
48.1,29.075624
48.2,29.155647
48.3,29.155647
48.4,29.208117
48.5,29.208117
48.6,29.397322
48.7,29.3562
48.8,29.10612
48.9,29.10612
49.0,28.878494
49.1,28.878494
49.2,28.269157
49.3,28.269157
49.4,28.216492
49.5,28.216492
49.6,28.464529
49.7,28.464529
49.8,28.107603
49.9,28.107603
50.0,27.560432
50.1,27.560432
50.2,26.95236
50.3,26.95236
50.4,27.026533
50.5,27.026533
50.6,27.049906
50.7,27.049906
50.8,26.949368
50.9,26.949368
51.0,26.58035
51.1,26.58035
51.2,26.289965
51.3,26.289965
51.4,25.896215
51.5,25.896215
51.6,25.414696
51.7,25.414696
51.8,25.123688
51.9,25.123688
52.0,24.520836
52.1,24.520836
52.2,24.186415
52.3,24.186415
52.4,24.230755
52.5,24.230755
52.6,24.419106
52.7,24.419106
52.8,23.986101
52.9,23.986101
53.0,23.809956
53.1,23.809956
53.2,24.137117
53.3,24.137117
53.4,24.031767
53.5,24.031767
53.6,23.836376
53.7,23.836376
53.8,24.228033
53.9,24.228033
54.0,24.748127
54.1,24.748127
54.2,25.031172
54.3,25.031172
54.4,25.214468
54.5,25.214468
54.6,24.736319
54.7,24.736319
54.8,24.582129
54.9,24.582129
55.0,24.65586
55.1,24.65586
55.2,24.343342
55.3,24.343342
55.4,24.74872
55.5,24.74872
55.6,25.187397
55.7,25.187397
55.8,25.345617
55.9,25.345617
56.0,25.4076
56.1,25.4076
56.2,25.573565
56.3,25.573565
56.4,25.553097
56.5,25.553097
56.6,26.223864
56.7,26.223864
56.8,25.878464
56.9,25.878464
57.0,25.423128
57.1,25.423128
57.2,25.307281
57.3,25.103844
57.4,25.113253
57.5,25.113253
57.6,25.085182
57.7,25.085182
57.8,25.042477
57.9,25.042477
58.0,25.2401
58.1,25.2401
58.2,24.800623
58.3,24.800623
58.4,25.0701
58.5,25.0701
58.6,25.54711
58.7,25.54711
58.8,25.772385
58.9,25.772385
59.0,26.181177
59.1,26.181177
59.2,26.495735
59.3,26.495735
59.4,25.878014
59.5,25.878014
59.6,25.159065
59.7,25.159065
59.8,25.470778
59.9,25.470778
60.0,25.430925
60.1,25.430925
60.2,24.91841
60.3,24.91841
60.4,24.570507
60.5,24.570507
60.6,25.241568
60.7,25.241568
60.8,25.570612
60.9,25.570612
61.0,25.917624
61.1,25.917624
61.2,26.243685
61.3,26.243685
61.4,26.687002
61.5,26.687002
61.6,26.753433
61.7,26.753433
61.8,26.344257
61.9,26.344257
62.0,26.223827
62.1,26.223827
62.2,26.3714
62.3,26.3714
62.4,26.262852
62.5,26.262852
62.6,26.554579
62.7,26.554579
62.8,26.526384
62.9,26.526384
63.0,26.423712
63.1,26.423712
63.2,26.308502
63.3,26.308502
63.4,26.861526
63.5,26.861526
63.6,27.365444
63.7,27.365444
63.8,27.78264
63.9,27.78264
64.0,27.79987
64.1,27.79987
64.2,28.371504
64.3,28.371504
64.4,29.035915
64.5,29.035915
64.6,29.040081
64.7,29.040081
64.8,28.8201
64.9,28.8201
65.0,28.31108
65.1,28.032907
65.2,27.599655
65.3,27.599655
65.4,28.003357
65.5,28.003357
65.6,28.283367
65.7,28.283367
65.8,28.658623
65.9,28.658623
66.0,28.725178
66.1,28.725178
66.2,28.943182
66.3,28.943182
66.4,29.793007
66.5,29.793007
66.6,29.985592
66.7,29.985592
66.8,29.641073
66.9,29.641073
67.0,29.747269
67.1,29.747269
67.2,29.986198
67.3,29.986198
67.4,30.04203
67.5,30.04203
67.6,30.159533
67.7,30.159533
67.8,29.948536
67.9,29.948536
68.0,29.773106
68.1,29.773106
68.2,29.852818
68.3,29.852818
68.4,29.958588
68.5,29.958588
68.6,29.843422
68.7,29.843422
68.8,29.9345
68.9,29.9345
69.0,29.987715
69.1,29.987715
69.2,30.195461
69.3,30.195461
69.4,30.450935
69.5,30.450935
69.6,30.66115
69.7,30.66115
69.8,30.803762
69.9,30.803762
70.0,30.575462
70.1,30.575462
70.2,30.265068
70.3,30.265068
70.4,30.588062
70.5,30.588062
70.6,30.699656
70.7,30.699656
70.8,30.25505
70.9,30.25505
71.0,29.93765
71.1,29.93765
71.2,30.066334
71.3,30.066334
71.4,30.437183
71.5,30.437183
71.6,30.589407
71.7,30.589407
71.8,31.058975
71.9,31.058975
72.0,31.172274
72.1,31.172274
72.2,31.146921
72.3,31.146921
72.4,31.242151
72.5,31.242151
72.6,31.187595
72.7,31.187595
72.8,30.96447
72.9,30.96447
73.0,31.10998
73.1,31.10998
73.2,31.141582
73.3,31.141582
73.4,30.833694
73.5,30.833694
73.6,30.800697
73.7,30.800697
73.8,30.039028
73.9,30.039028
74.0,30.115282
74.1,30.115282
74.2,30.51981
74.3,30.51981
74.4,30.402544
74.5,30.402544
74.6,30.33108
74.7,30.33108
74.8,31.084839
74.9,31.084839
75.0,31.273172
75.1,31.273172
75.2,31.491549
75.3,31.491549
75.4,31.374144
75.5,31.374144
75.6,31.693975
75.7,31.693975
75.8,31.911722
75.9,31.911722
76.0,31.95975
76.1,31.95975
76.2,31.93563
76.3,31.923485
76.4,32.514656
76.5,32.514656
76.6,32.845
76.7,32.845
76.8,33.255642
76.9,33.255642
77.0,33.495354
77.1,33.495354
77.2,33.420334
77.3,33.420334
77.4,33.277576
77.5,33.277576
77.6,33.487953
77.7,33.487953
77.8,33.449593
77.9,33.449593
78.0,33.528133
78.1,33.528133
78.2,34.121162
78.3,34.121162
78.4,34.444572
78.5,34.444572
78.6,34.71163
78.7,34.71163
78.8,34.85732
78.9,34.85732
79.0,34.577744
79.1,34.577744
79.2,34.913742
79.3,34.913742
79.4,35.451927
79.5,35.451927
79.6,35.98062
79.7,35.98062
79.8,35.74148
79.9,35.74148
80.0,35.495438
80.1,35.495438
80.2,35.316605
80.3,35.316605
80.4,35.34345
80.5,35.34345
80.6,36.31554
80.7,36.31554
80.8,36.747803
80.9,36.747803
81.0,37.233166
81.1,37.233166
81.2,37.390778
81.3,37.390778
81.4,37.556995
81.5,37.556995
81.6,37.746876
81.7,37.746876
81.8,38.35983
81.9,38.35983
82.0,37.87803
82.1,37.87803
82.2,37.837658
82.3,37.837658
82.4,37.881424
82.5,37.881424
82.6,37.796497
82.7,37.796497
82.8,37.49991
82.9,37.49991
83.0,36.924545
83.1,36.924545
83.2,36.13429
83.3,36.13429
83.4,34.759846
83.5,34.759846
83.6,34.183105
83.7,34.183105
83.8,33.028927
83.9,33.028927
84.0,32.008423
84.1,32.008423
84.2,31.550978
84.3,31.550978
84.4,31.000132
84.5,31.000132
84.6,30.704378
84.7,30.704378
84.8,29.657894
84.9,29.657894
85.0,28.533293
85.1,28.533293
85.2,28.649208
85.3,28.649208
85.4,28.185726
85.5,28.185726
85.6,27.808708
85.7,27.729214
85.8,27.532898
85.9,27.532898
86.0,26.516167
86.1,26.516167
86.2,25.278322
86.3,25.278322
86.4,24.683264
86.5,24.683264
86.6,23.945595
86.7,23.945595
86.8,23.81409
86.9,23.81409
87.0,24.907839
87.1,24.907839
87.2,27.212242
87.3,27.212242
87.4,32.090954
87.5,32.090954
87.6,36.41414
87.7,36.41414
87.8,44.36975
87.9,44.36975
88.0,53.818485
88.1,53.818485
88.2,59.214676
88.3,59.214676
88.4,53.679626
88.5,53.679626
88.6,44.36765
88.7,44.36765
88.8,38.63831
88.9,38.63831
89.0,30.567839
89.1,30.567839
89.2,25.53836
89.3,25.53836
89.4,19.295498
89.5,19.295498
89.6,15.726139
89.7,15.726139
89.8,15.262356
89.9,15.262356
90.0,15.324223
90.1,15.324223
90.2,14.927837
90.3,14.927837
90.4,13.468227
90.5,13.468227
90.6,11.947406
90.7,11.947406
90.8,9.996363
90.9,9.996363
91.0,9.809074
91.1,9.809074
91.2,9.9380665
91.3,9.9380665
91.4,10.004351
91.5,10.004351
91.6,9.661971
91.7,9.661971
91.8,9.642124
91.9,9.642124
92.0,9.900008
92.1,9.900008
92.2,9.566067
92.3,9.566067
92.4,8.434963
92.5,8.434963
92.6,8.201137
92.7,8.201137
92.8,8.761458
92.9,8.761458
93.0,9.199858
93.1,9.199858
93.2,9.098397
93.3,9.098397
93.4,9.570484
93.5,9.570484
93.6,10.296217
93.7,10.296217
93.8,10.237254
93.9,10.237254
94.0,10.678141
94.1,10.678141
94.2,11.769404
94.3,11.769404
94.4,13.038424
94.5,13.038424
94.6,14.919419
94.7,14.919419
94.8,17.3922
94.9,17.3922
95.0,18.987318
95.1,18.987318
95.2,21.623869
95.3,21.623869
95.4,23.170612
95.5,23.170612
95.6,24.774908
95.7,24.774908
95.8,26.502504
95.9,26.502504
96.0,27.16193
96.1,27.16193
96.2,27.73881
96.3,27.73881
96.4,28.699373
96.5,28.699373
96.6,29.757162
96.7,29.757162
96.8,31.73517
96.9,31.73517
97.0,34.00597
97.1,34.00597
97.2,35.859787
97.3,35.859787
97.4,36.75558
97.5,36.75558
97.6,38.539574
97.7,38.539574
97.8,41.62151
97.9,41.62151
98.0,43.200005
98.1,43.200005
98.2,43.338604
98.3,43.338604
98.4,42.850376
98.5,42.850376
98.6,41.542007
98.7,41.542007
98.8,40.236874
98.9,40.236874
99.0,38.60846
99.1,38.60846
99.2,37.506775
99.3,37.506775
99.4,36.238823
99.5,36.238823
99.6,33.685482
99.7,33.685482
99.8,31.832298
99.9,31.832298
100.0,31.68067
100.1,31.68067
100.2,31.411886
100.3,31.411886
100.4,31.131577
100.5,31.131577
100.6,30.633099
100.7,30.633099
100.8,30.256588
100.9,30.256588
101.0,30.204983
101.1,30.204983
101.2,31.52596
101.3,31.52596
101.4,32.14436
101.5,32.14436
101.6,31.960268
101.7,31.960268
101.8,31.728336
101.9,31.728336
102.0,32.199245
102.1,32.199245
102.2,32.87331
102.3,32.87331
102.4,33.894226
102.5,33.894226
102.6,35.309753
102.7,35.309753
102.8,36.482048
102.9,36.482048
103.0,37.315178
103.1,37.315178
103.2,37.336304
103.3,37.336304
103.4,38.075546
103.5,38.075546
103.6,38.42876
103.7,38.42876
103.8,39.14598
103.9,39.14598
104.0,38.784687
104.1,38.784687
104.2,38.380436
104.3,38.380436
104.4,38.46295
104.5,38.46295
104.6,38.591972
104.7,38.591972
104.8,38.422688
104.9,38.422688
105.0,37.97459
105.1,37.97459
105.2,37.80373
105.3,37.80373
105.4,37.403587
105.5,37.403587
105.6,37.427475
105.7,37.427475
105.8,36.922817
105.9,36.922817
106.0,35.666294
106.1,35.666294
106.2,35.855045
106.3,35.855045
106.4,35.77822
106.5,35.77822
106.6,35.655087
106.7,35.655087
106.8,35.041317
106.9,35.041317
107.0,35.35238
107.1,35.35238
107.2,36.04143
107.3,36.04143
107.4,36.001823
107.5,36.001823
107.6,35.807213
107.7,35.807213
107.8,35.86022
107.9,35.86022
108.0,36.056602
108.1,36.056602
108.2,35.41987
108.3,35.41987
108.4,35.11493
108.5,35.11493
108.6,34.984673
108.7,34.984673
108.8,35.401325
108.9,35.401325
109.0,35.743885
109.1,35.743885
109.2,35.547123
109.3,35.547123
109.4,34.777203
109.5,34.777203
109.6,33.72156
109.7,33.72156
109.8,33.788494
109.9,33.788494
110.0,34.09613
110.1,34.09613
110.2,33.87666
110.3,33.87666
110.4,33.67178
110.5,33.67178
110.6,32.967045
110.7,32.967045
110.8,31.717508
110.9,31.717508
111.0,30.744728
111.1,30.744728
111.2,29.636732
111.3,29.636732
111.4,29.079638
111.5,29.079638
111.6,28.7693
111.7,28.7693
111.8,28.358223
111.9,28.358223
112.0,28.001814
112.1,28.001814
112.2,28.161491
112.3,28.161491
112.4,28.104439
112.5,28.104439
112.6,27.784325
112.7,27.784325
112.8,27.377522
112.9,27.377522
113.0,26.848127
113.1,26.848127
113.2,26.700104
113.3,26.700104
113.4,27.238508
113.5,27.238508
113.6,27.323862
113.7,27.323862
113.8,27.236803
113.9,27.236803
114.0,27.203165
114.1,27.203165
114.2,27.730679
114.3,27.730679
114.4,27.664616
114.5,27.664616
114.6,28.052917
114.7,28.052917
114.8,28.556879
114.9,28.556879
115.0,28.505146
115.1,28.505146
115.2,28.995537
115.3,28.995537
115.4,28.578741
115.5,28.578741
115.6,28.244581
115.7,28.244581
115.8,28.03826
115.9,28.03826
116.0,29.045832
116.1,29.045832
116.2,29.329388
116.3,29.329388
116.4,29.191916
116.5,29.191916
116.6,28.556221
116.7,28.556221
116.8,28.859623
116.9,28.859623
117.0,29.09708
117.1,29.09708
117.2,29.2755
117.3,29.2755
117.4,29.66885
117.5,29.66885
117.6,29.47207
117.7,29.47207
117.8,29.60668
117.9,29.60668
118.0,29.158434
118.1,29.158434
118.2,28.775286
118.3,28.775286
118.4,28.662638
118.5,28.662638
118.6,29.016176
118.7,29.016176
118.8,29.076899
118.9,29.076899
119.0,28.780655
119.1,28.84323
119.2,28.939774
119.3,28.939774
119.4,28.837093
119.5,28.837093
119.6,29.115768
119.7,29.115768
119.8,29.291023
119.9,29.291023
120.0,29.142662
120.1,29.142662
120.2,29.041313
120.3,29.041313
120.4,28.793056
120.5,28.793056
120.6,28.238832
120.7,28.238832
120.8,27.92166
120.9,27.92166
121.0,27.984144
121.1,27.984144
121.2,27.905104
121.3,27.905104
121.4,27.930756
121.5,27.930756
121.6,27.828926
121.7,27.828926
121.8,27.704369
121.9,27.704369
122.0,27.770952
122.1,27.770952
122.2,27.851768
122.3,27.975513
122.4,28.011309
122.5,28.011309
122.6,27.727095
122.7,27.727095
122.8,27.937288
122.9,27.937288
123.0,28.196014
123.1,28.196014
123.2,28.356058
123.3,28.356058
123.4,28.222326
123.5,28.222326
123.6,28.858198
123.7,29.064062
123.8,29.088644
123.9,29.088644
124.0,29.04827
124.1,29.04827
124.2,29.4472
124.3,29.4472
124.4,30.35349
124.5,30.35349
124.6,30.901163
124.7,30.901163
124.8,31.309597
124.9,31.309597
125.0,31.967997
125.1,31.967997
125.2,32.526745
125.3,32.526745
125.4,33.372894
125.5,33.372894
125.6,34.10007
125.7,34.10007
125.8,34.375652
125.9,34.375652
126.0,34.98976
126.1,34.98976
126.2,36.15183
126.3,36.15183
126.4,37.238174
126.5,37.238174
126.6,37.387318
126.7,37.387318
126.8,37.417313
126.9,37.417313
127.0,37.74639
127.1,37.74639
127.2,38.14618
127.3,38.14618
127.4,38.098648
127.5,38.098648
127.6,38.347183
127.7,38.347183
127.8,38.82913
127.9,38.82913
128.0,39.017365
128.1,39.017365
128.2,38.382664
128.3,38.382664
128.4,38.39147
128.5,38.39147
128.6,38.306313
128.7,38.306313
128.8,38.375
128.9,38.375
129.0,38.18717
129.1,38.18717
129.2,38.58347
129.3,38.58347
129.4,38.57585
129.5,38.57585
129.6,38.34851
129.7,38.34851
129.8,38.21209
129.9,38.21209
130.0,38.294476
130.1,38.294476
130.2,38.70946
130.3,38.70946
130.4,38.508816
130.5,38.508816
130.6,37.775444
130.7,37.775444
130.8,38.296364
130.9,38.296364
131.0,38.97651
131.1,38.97651
131.2,39.557083
131.3,39.557083
131.4,39.772617
131.5,39.772617
131.6,39.354053
131.7,39.354053
131.8,38.692734
131.9,38.692734
132.0,38.631836
132.1,38.631836
132.2,38.483475
132.3,38.483475
132.4,38.824642
132.5,38.824642
132.6,38.99826
132.7,38.99826
132.8,38.55279
132.9,38.55279
133.0,38.230877
133.1,38.230877
133.2,38.185154
133.3,38.185154
133.4,38.000355
133.5,38.000355
133.6,37.94492
133.7,37.94492
133.8,37.828842
133.9,37.828842
134.0,36.330017
134.1,36.330017
134.2,35.60281
134.3,35.60281
134.4,35.592117
134.5,35.592117
134.6,34.95849
134.7,34.95849
134.8,34.82814
134.9,34.82814
135.0,34.787144
135.1,34.787144
135.2,34.40144
135.3,34.40144
135.4,33.98015
135.5,33.98015
135.6,33.56859
135.7,33.56859
135.8,33.650726
135.9,33.650726
136.0,33.705616
136.1,33.705616
136.2,33.212013
136.3,33.212013
136.4,33.25307
136.5,33.25307
136.6,33.591934
136.7,33.591934
136.8,33.64747
136.9,33.64747
137.0,32.260242
137.1,32.260242
137.2,31.728395
137.3,31.728395
137.4,31.628464
137.5,31.628464
137.6,30.955534
137.7,30.955534
137.8,30.621054
137.9,30.621054
138.0,31.061922
138.1,31.061922
138.2,30.756758
138.3,30.756758
138.4,30.316395
138.5,30.316395
138.6,30.002531
138.7,30.002531
138.8,29.367727
138.9,29.367727
139.0,28.793001
139.1,28.793001
139.2,28.372
139.3,28.372
139.4,27.698507
139.5,27.698507
139.6,27.227058
139.7,27.227058
139.8,26.865282
139.9,26.865282
140.0,27.046896
140.1,27.046896
140.2,27.077667
140.3,27.077667
140.4,26.49539
140.5,26.49539
140.6,26.016003
140.7,26.016003
140.8,24.79265
140.9,24.79265
141.0,24.088547
141.1,24.088547
141.2,23.917437
141.3,23.917437
141.4,24.439222
141.5,24.439222
141.6,24.633846
141.7,24.633846
141.8,25.091833
141.9,25.091833
142.0,25.201426
142.1,25.201426
142.2,25.200806
142.3,25.200806
142.4,25.758411
142.5,25.758411
142.6,25.702002
142.7,25.702002
142.8,26.478601
142.9,26.478601
143.0,27.11726
143.1,27.11726
143.2,27.237883
143.3,27.237883
143.4,27.509237
143.5,27.509237
143.6,27.78216
143.7,27.78216
143.8,27.67015
143.9,27.67015
144.0,27.780188
144.1,27.780188
144.2,28.299597
144.3,28.299597
144.4,28.89301
144.5,28.89301
144.6,29.225052
144.7,29.225052
144.8,29.906893
144.9,29.906893
145.0,30.416069
145.1,30.416069
145.2,30.333801
145.3,30.333801
145.4,30.101088
145.5,30.101088
145.6,30.469164
145.7,30.469164
145.8,30.935461
145.9,30.935461
146.0,31.639824
146.1,31.639824
146.2,30.938099
146.3,30.938099
146.4,31.092943
146.5,31.092943
146.6,31.540346
146.7,31.540346
146.8,32.07577
146.9,32.07577
147.0,32.13917
147.1,32.13917
147.2,32.822136
147.3,32.822136
147.4,33.02724
147.5,33.02724
147.6,33.293316
147.7,33.293316
147.8,34.797634
147.9,34.797634
148.0,34.734184
148.1,34.734184
148.2,35.11876
148.3,35.11876
148.4,35.64057
148.5,35.781113
148.6,36.083652
148.7,36.083652
148.8,35.889137
148.9,35.889137
149.0,36.106533
149.1,36.106533
149.2,37.091923
149.3,37.091923
149.4,37.633114
149.5,37.633114
149.6,37.754417
149.7,37.754417
149.8,37.88972
149.9,37.88972
150.0,38.22695
150.1,38.22695
150.2,38.94476
150.3,38.94476
150.4,39.25632
150.5,39.25632
150.6,39.59751
150.7,39.59751
150.8,39.87162
150.9,39.87162
151.0,40.006344
151.1,40.006344
151.2,39.642006
151.3,39.642006
151.4,38.99568
151.5,38.99568
151.6,38.179935
151.7,38.179935
151.8,37.407013
151.9,37.407013
152.0,36.995316
152.1,36.995316
152.2,36.47772
152.3,36.47772
152.4,35.23532
152.5,35.23532
152.6,34.514782
152.7,34.422394
152.8,34.57635
152.9,34.57635
153.0,34.724693
153.1,34.724693
153.2,35.00914
153.3,35.00914
153.4,34.511353
153.5,34.511353
153.6,33.887123
153.7,33.887123
153.8,33.59139
153.9,33.59139
154.0,33.38076
154.1,33.38076
154.2,32.88811
154.3,32.88811
154.4,32.624695
154.5,32.624695
154.6,31.86759
154.7,31.86759
154.8,31.70389
154.9,31.70389
155.0,31.016317
155.1,31.016317
155.2,31.238178
155.3,31.238178
155.4,31.490578
155.5,31.490578
155.6,30.769867
155.7,30.769867
155.8,30.53973
155.9,30.53973
156.0,30.421165
156.1,30.421165
156.2,30.258938
156.3,30.258938
156.4,29.990973
156.5,29.990973
156.6,30.253677
156.7,30.253677
156.8,30.349133
156.9,30.349133
157.0,31.098093
157.1,31.098093
157.2,30.876024
157.3,30.876024
157.4,30.084366
157.5,30.084366
157.6,30.231306
157.7,30.231306
157.8,30.680878
157.9,30.680878
158.0,30.48685
158.1,30.48685
158.2,30.235323
158.3,30.235323
158.4,29.913816
158.5,29.913816
158.6,29.9282
158.7,29.9282
158.8,29.178005
158.9,29.178005
159.0,28.600683
159.1,28.600683
159.2,28.13345
159.3,28.13345
159.4,27.982132
159.5,27.982132
159.6,27.490297
159.7,27.490297
159.8,27.680698
159.9,27.680698
160.0,26.930128
160.1,26.930128
160.2,26.261898
160.3,26.261898
160.4,26.37821
160.5,26.37821
160.6,26.30574
160.7,26.30574
160.8,26.475975
160.9,26.475975
161.0,27.027422
161.1,27.027422
161.2,26.507711
161.3,26.507711
161.4,26.42346
161.5,26.42346
161.6,26.708666
161.7,26.708666
161.8,26.497038
161.9,26.497038
162.0,26.338272
162.1,26.338272
162.2,26.09131
162.3,26.09131
162.4,25.642916
162.5,25.642916
162.6,25.56235
162.7,25.56235
162.8,25.56306
162.9,25.56306
163.0,25.165148
163.1,25.165148
163.2,25.38018
163.3,25.38018
163.4,25.699202
163.5,25.699202
163.6,25.96097
163.7,25.96097
163.8,26.102724
163.9,26.102724
164.0,26.438074
164.1,26.438074
164.2,26.7037
164.3,26.7037
164.4,26.467417
164.5,26.467417
164.6,26.452736
164.7,26.452736
164.8,26.591108
164.9,26.591108
165.0,26.42476
165.1,26.42476
165.2,26.459139
165.3,26.459139
165.4,26.212427
165.5,26.212427
165.6,26.560753
165.7,26.560753
165.8,26.715916
165.9,26.732834
166.0,26.813345
166.1,26.813345
166.2,27.499874
166.3,27.499874
166.4,27.700212
166.5,27.528166
166.6,27.377497
166.7,27.377497
166.8,27.539879
166.9,27.54131
167.0,27.63643
167.1,27.514227
167.2,27.10666
167.3,27.10666
167.4,26.725885
167.5,26.716742
167.6,26.969446
167.7,26.969446
167.8,26.960255
167.9,26.72103
168.0,26.708103
168.1,26.708103
168.2,26.797926
168.3,26.859476
168.4,26.82717
168.5,26.82717
168.6,26.99317
168.7,26.914028
168.8,26.7402
168.9,26.7402
169.0,26.212421
169.1,26.00428
169.2,26.031519
169.3,26.207605
169.4,26.249939
169.5,26.249939
169.6,26.654552
169.7,26.819223
169.8,27.085258
169.9,27.085258
170.0,26.702177
170.1,26.460258
170.2,26.469067
170.3,26.484047
170.4,26.539782
170.5,26.621351
170.6,26.645517
170.7,26.570814
170.8,26.483976
170.9,26.329193
171.0,26.335756
171.1,26.185814
171.2,26.378578
171.3,26.378578
171.4,26.532837
171.5,26.580887
171.6,26.789759
171.7,26.979239
171.8,27.469337
171.9,27.469337
172.0,27.892847
172.1,27.959713
172.2,27.88171
172.3,27.88171
172.4,28.144934
172.5,28.400616
172.6,28.662043
172.7,28.542904
172.8,28.474209
172.9,28.240097
173.0,27.86098
173.1,27.686758
173.2,27.842152
173.3,27.975935
173.4,28.035994
173.5,28.101095
173.6,27.886322
173.7,27.77069
173.8,27.694683
173.9,27.638487
174.0,27.907331
174.1,27.964453
174.2,27.63991
174.3,27.270338
174.4,27.431404
174.5,27.431404
174.6,28.001057
174.7,28.091677
174.8,27.822104
174.9,27.822104
175.0,27.534184
175.1,27.511084
175.2,27.53903
175.3,27.53903
175.4,27.773848
175.5,27.997177
175.6,28.346884
175.7,28.346884
175.8,28.04166
175.9,27.58962
176.0,27.263996
176.1,27.263996
176.2,28.726343
176.3,28.726343
176.4,28.554907
176.5,28.196663
176.6,28.087162
176.7,28.341331
176.8,28.539673
176.9,28.581476
177.0,28.59978
177.1,28.575113
177.2,28.846165
177.3,28.846165
177.4,29.256205
177.5,29.360216
177.6,29.27837
177.7,28.855051
177.8,28.439268
177.9,28.060946
178.0,28.078547
178.1,27.983953
178.2,27.72941
178.3,27.787567
178.4,27.866547
178.5,27.6964
178.6,27.29859
178.7,27.245867
178.8,27.276459
178.9,27.388649
179.0,27.463491
179.1,27.440268
179.2,27.388098
179.3,27.371119
179.4,27.47055
179.5,27.66084
179.6,28.194347
179.7,28.194347
179.8,28.555525
179.9,28.59632
180.0,28.85222
180.1,29.03883
180.2,29.239187
180.3,29.336391
180.4,29.71416
180.5,29.953934
180.6,30.082895
180.7,30.080204
180.8,29.55712
180.9,29.427666
181.0,29.156343
181.1,29.248283
181.2,28.946186
181.3,28.788773
181.4,28.77712
181.5,29.129787
181.6,29.5166
181.7,29.993942
181.8,29.872375
181.9,29.682533
182.0,29.538183
182.1,29.434603
182.2,29.495737
182.3,29.494638
182.4,29.37471
182.5,29.41059
182.6,29.536667
182.7,29.824356
182.8,29.890907
182.9,29.739105
183.0,29.578857
183.1,29.500042
183.2,29.57806
183.3,29.815788
183.4,29.84731
183.5,29.825977
183.6,29.845186
183.7,29.84542
183.8,29.666664
183.9,29.522398
184.0,29.613909
184.1,29.60171
184.2,29.450975
184.3,29.17902
184.4,29.224163
184.5,29.274548
184.6,29.306837
184.7,29.368017
184.8,29.352575
184.9,29.40408
185.0,29.581358
185.1,29.80647
185.2,29.94201
185.3,30.114334
185.4,30.182821
185.5,30.235546
185.6,30.303492
185.7,30.21272
185.8,30.331738
185.9,30.545607
186.0,30.545607
186.1,30.354237
186.2,30.537775
186.3,30.758957
186.4,30.794458
186.5,30.662577
186.6,30.795233
186.7,30.739962
186.8,30.514957
186.9,30.084366
187.0,30.084366
187.1,30.516088
187.2,30.742252
187.3,30.576906
187.4,30.576906
187.5,30.228287
187.6,30.310497
187.7,30.753862
187.8,30.87342
187.9,30.84717
188.0,30.831554
188.1,31.131945
188.2,31.320435
188.3,31.129868
188.4,30.894989
188.5,30.749332
188.6,30.826061
188.7,31.094212
188.8,31.069103
188.9,31.14768
189.0,31.325228
189.1,31.62931
189.2,31.542223
189.3,31.294628
189.4,30.874304
189.5,30.98963
189.6,31.24224
189.7,31.568985
189.8,31.436275
189.9,31.188332
190.0,31.131746
190.1,31.172794
190.2,31.346235
190.3,31.382238
190.4,31.568386
190.5,32.18336
190.6,32.29109
190.7,32.343002
190.8,32.454514
190.9,32.439857
191.0,32.398125
191.1,32.644814
191.2,32.884205
191.3,33.223957
191.4,33.504257
191.5,33.50882
191.6,33.3593
191.7,33.049725
191.8,32.67143
191.9,32.606224
192.0,32.615536
192.1,32.60092
192.2,32.56005
192.3,32.556892
192.4,32.35976
192.5,32.300934
192.6,32.380547
192.7,32.58884
192.8,32.666733
192.9,32.65485
193.0,32.745
193.1,32.871357
193.2,33.200993
193.3,33.21108
193.4,33.09318
193.5,32.9507
193.6,32.94972
193.7,32.94972
193.8,32.547832
193.9,32.390545
194.0,32.517998
194.1,32.517998
194.2,33.071392
194.3,33.08141
194.4,33.041645
194.5,33.025383
194.6,33.23433
194.7,33.23433
194.8,33.094624
194.9,33.073586
195.0,32.976406
195.1,32.94616
195.2,32.731834
195.3,32.583626
195.4,32.773903
195.5,32.99752
195.6,33.104996
195.7,33.273273
195.8,33.309032
195.9,33.47038
196.0,33.387936
196.1,33.34
196.2,33.253815
196.3,33.05452
196.4,32.933083
196.5,32.467846
196.6,32.51367
196.7,32.71683
196.8,32.493057
196.9,32.30125
197.0,32.06603
197.1,31.95518
197.2,31.992165
197.3,32.109516
197.4,32.463654
197.5,32.884907
197.6,33.11428
197.7,33.410175
197.8,33.410175
197.9,33.320084
198.0,33.320084
198.1,33.01722
198.2,33.01722
198.3,32.526897
198.4,32.526897
198.5,31.739494
198.6,31.739494
198.7,32.353542
198.8,32.353542
198.9,32.363857
199.0,32.363857
199.1,32.27872
199.2,32.27872
199.3,31.72991
199.4,31.72991
199.5,31.9217
199.6,31.9217
199.7,32.65902
199.8,32.65902
199.9,32.72415
200.0,32.72415
200.1,32.54455
200.2,32.54455
200.3,32.552475
200.4,32.552475
200.5,32.732697
200.6,32.732697
200.7,31.987888
200.8,31.987888
200.9,32.1481
201.0,32.1481
201.1,32.627506
201.2,32.627506
201.3,32.703518
201.4,32.703518
201.5,32.64883
201.6,32.64883
201.7,32.158043
201.8,32.158043
201.9,31.95114
202.0,31.95114
202.1,32.032467
202.2,32.032467
202.3,31.751503
202.4,31.751503
202.5,32.159683
202.6,32.159683
202.7,32.657673
202.8,32.657673
202.9,32.74204
203.0,32.74204
203.1,32.52902
203.2,32.52902
203.3,31.55824
203.4,31.55824
203.5,31.512903
203.6,31.512903
203.7,31.983156
203.8,31.983156
203.9,32.35275
204.0,32.35275
204.1,32.778866
204.2,32.778866
204.3,33.121857
204.4,33.121857
204.5,32.73428
204.6,32.73428
204.7,32.01192
204.8,32.01192
204.9,31.785646
205.0,31.785646
205.1,31.528767
205.2,31.528767
205.3,31.569918
205.4,31.569918
205.5,31.91769
205.6,31.91769
205.7,31.838797
205.8,31.838797
205.9,31.88621
206.0,31.88621
206.1,31.932236
206.2,31.932236
206.3,32.162704
206.4,32.162704
206.5,31.357157
206.6,31.357157
206.7,31.161516
206.8,31.161516
206.9,31.679482
207.0,31.679482
207.1,31.674665
207.2,31.674665
207.3,31.049957
207.4,31.049957
207.5,30.695904
207.6,30.695904
207.7,31.463408
207.8,31.463408
207.9,31.99552
208.0,31.99552
208.1,31.013557
208.2,31.013557
208.3,30.77811
208.4,30.77811
208.5,31.358322
208.6,31.358322
208.7,31.053148
208.8,31.053148
208.9,30.554022
209.0,30.554022
209.1,30.801384
209.2,30.801384
209.3,30.9895
209.4,30.9895
209.5,30.691404
209.6,30.691404
209.7,30.723042
209.8,30.723042
209.9,30.534729
210.0,30.534729
210.1,31.357664
210.2,31.357664
210.3,31.105148
210.4,31.105148
210.5,30.654755
210.6,30.654755
210.7,30.750704
210.8,30.750704
210.9,30.667574
211.0,30.667574
211.1,30.30549
211.2,30.30549
211.3,30.691607
211.4,30.691607
211.5,30.551764
211.6,30.551764
211.7,30.509943
211.8,30.509943
211.9,30.638376
212.0,30.638376
212.1,30.615276
212.2,30.615276
212.3,31.052546
212.4,31.052546
212.5,31.489626
212.6,31.489626
212.7,30.766823
212.8,30.766823
212.9,30.474182
213.0,30.474182
213.1,30.961992
213.2,30.961992
213.3,30.65978
213.4,30.65978
213.5,30.894638
213.6,30.894638
213.7,30.26004
213.8,30.26004
213.9,30.618767
214.0,30.618767
214.1,30.697088
214.2,30.697088
214.3,30.246578
214.4,30.246578
214.5,30.463547
214.6,30.463547
214.7,30.377422
214.8,30.377422
214.9,30.49721
215.0,30.49721
215.1,30.455297
215.2,30.778742
215.3,31.331602
215.4,31.331602
215.5,31.400328
215.6,31.400328
215.7,31.279001
215.8,31.279001
215.9,31.42437
216.0,31.42437
216.1,31.535727
216.2,31.535727
216.3,31.372667
216.4,31.372667
216.5,31.574501
216.6,31.574501
216.7,31.182173
216.8,31.182173
216.9,31.010233
217.0,31.010233
217.1,30.58762
217.2,30.58762
217.3,30.284985
217.4,30.284985
217.5,30.505426
217.6,30.505426
217.7,30.371408
217.8,30.371408
217.9,30.350885
218.0,30.350885
218.1,30.891544
218.2,30.891544
218.3,31.25545
218.4,31.25545
218.5,30.786255
218.6,30.786255
218.7,30.658695
218.8,30.658695
218.9,31.542318
219.0,31.542318
219.1,31.591677
219.2,31.591677
219.3,31.00986
219.4,31.00986
219.5,30.573921
219.6,30.573921
219.7,30.337006
219.8,30.337006
219.9,30.62689
220.0,30.62689
220.1,31.147266
220.2,31.147266
220.3,31.169428
220.4,31.169428
220.5,31.062912
220.6,31.062912
220.7,30.709059
220.8,30.709059
220.9,30.70972
221.0,30.70972
221.1,30.74708
221.2,30.74708
221.3,30.63149
221.4,30.63149
221.5,30.482353
221.6,30.482353
221.7,30.044636
221.8,30.044636
221.9,29.588125
222.0,29.588125
222.1,29.597008
222.2,29.597008
222.3,29.780075
222.4,29.780075
222.5,29.902033
222.6,29.902033
222.7,30.036894
222.8,30.036894
222.9,29.803795
223.0,29.803795
223.1,29.370176
223.2,29.370176
223.3,29.517345
223.4,29.517345
223.5,30.525476
223.6,30.525476
223.7,30.889755
223.8,30.889755
223.9,30.922823
224.0,30.922823
224.1,30.93074
224.2,30.93074
224.3,31.196184
224.4,31.196184
224.5,31.435488
224.6,31.435488
224.7,31.521067
224.8,31.521067
224.9,31.467075
225.0,31.467075
225.1,31.689276
225.2,31.689276
225.3,31.574045
225.4,31.574045
225.5,31.714386
225.6,31.714386
225.7,32.09722
225.8,32.09722
225.9,32.12547
226.0,32.12547
226.1,32.069305
226.2,32.069305
226.3,32.019764
226.4,32.019764
226.5,31.259386
226.6,31.259386
226.7,31.247234
226.8,31.247234
226.9,32.149536
227.0,32.149536
227.1,32.45658
227.2,32.277184
227.3,31.250204
227.4,31.250204
227.5,30.359365
227.6,30.359365
227.7,30.773571
227.8,30.773571
227.9,31.029808
228.0,31.029808
228.1,31.02317
228.2,31.058392
228.3,31.182116
228.4,31.182116
228.5,30.72544
228.6,30.72544
228.7,30.568857
228.8,30.568857
228.9,30.58075
229.0,30.58075
229.1,30.585323
229.2,30.585323
229.3,30.265524
229.4,30.265524
229.5,30.241787
229.6,30.241787
229.7,30.636131
229.8,30.636131
229.9,30.808975
230.0,30.808975
230.1,31.206148
230.2,31.206148
230.3,31.694727
230.4,31.694727
230.5,32.166676
230.6,32.166676
230.7,31.789757
230.8,31.789757
230.9,31.619394
231.0,31.619394
231.1,31.256163
231.2,31.256163
231.3,31.425716
231.4,31.425716
231.5,31.230543
231.6,31.230543
231.7,32.206047
231.8,32.206047
231.9,32.582287
232.0,32.582287
232.1,32.292526
232.2,32.292526
232.3,31.88878
232.4,31.88878
232.5,32.135612
232.6,32.135612
232.7,32.69936
232.8,32.69936
232.9,32.441048
233.0,32.441048
233.1,31.417845
233.2,31.417845
233.3,31.423864
233.4,31.423864
233.5,32.082787
233.6,32.082787
233.7,31.933123
233.8,31.933123
233.9,31.629131
234.0,31.629131
234.1,31.539543
234.2,31.539543
234.3,31.631548
234.4,31.631548
234.5,31.48055
234.6,31.48055
234.7,30.87303
234.8,30.87303
234.9,30.735916
235.0,30.735916
235.1,30.597214
235.2,30.597214
235.3,30.348688
235.4,30.348688
235.5,30.126734
235.6,30.126734
235.7,30.453272
235.8,30.453272
235.9,30.751986
236.0,30.751986
236.1,30.602015
236.2,30.602015
236.3,30.420128
236.4,30.420128
236.5,30.461733
236.6,30.461733
236.7,30.323631
236.8,30.323631
236.9,30.378119
237.0,30.378119
237.1,30.169546
237.2,30.169546
237.3,29.607544
237.4,29.607544
237.5,29.29409
237.6,29.29409
237.7,29.688934
237.8,29.688934
237.9,30.364773
238.0,30.364773
238.1,30.341583
238.2,30.341583
238.3,30.547781
238.4,30.547781
238.5,30.70471
238.6,30.70471
238.7,30.33582
238.8,30.33582
238.9,29.928968
239.0,29.928968
239.1,29.529007
239.2,29.529007
239.3,29.26144
239.4,29.26144
239.5,28.49462
239.6,28.49462
239.7,28.071533
239.8,28.071533
239.9,27.666111
240.0,27.666111
240.1,27.92092
240.2,27.92092
240.3,28.307491
240.4,28.307491
240.5,28.290648
240.6,28.290648
240.7,28.065
240.8,28.065
240.9,27.961641
241.0,27.961641
241.1,28.130308
241.2,28.130308
241.3,28.237106
241.4,28.237106
241.5,28.219755
241.6,28.219755
241.7,27.913527
241.8,27.913527
241.9,28.09002
242.0,28.09002
242.1,28.094145
242.2,28.094145
242.3,27.950453
242.4,27.950453
242.5,28.264933
242.6,28.264933
242.7,28.640665
242.8,28.640665
242.9,28.811123
243.0,28.811123
243.1,28.398203
243.2,28.398203
243.3,28.006294
243.4,28.006294
243.5,28.23657
243.6,28.23657
243.7,28.656223
243.8,28.656223
243.9,29.150171
244.0,29.150171
244.1,29.384596
244.2,29.384596
244.3,29.264256
244.4,29.264256
244.5,28.9251
244.6,28.9251
244.7,29.349232
244.8,29.349232
244.9,29.816595
245.0,29.816595
245.1,29.48722
245.2,29.48722
245.3,28.699575
245.4,28.699575
245.5,28.149073
245.6,28.149073
245.7,28.044024
245.8,28.044024
245.9,27.776894
246.0,27.776894
246.1,27.107227
246.2,27.107227
246.3,26.97861
246.4,27.086834
246.5,27.43697
246.6,27.43697
246.7,27.445854
246.8,27.445854
246.9,27.165384
247.0,27.165384
247.1,26.627382
247.2,26.627382
247.3,26.450527
247.4,26.450527
247.5,25.978582
247.6,25.978582
247.7,26.176043
247.8,26.176043
247.9,25.830343
248.0,25.830343
248.1,25.314281
248.2,25.314281
248.3,25.554615
248.4,25.554615
248.5,25.76674
248.6,25.76674
248.7,25.442406
248.8,25.442406
248.9,24.586372
249.0,24.586372
249.1,24.377169
249.2,24.291412
249.3,24.067787
249.4,24.067787
249.5,23.711922
249.6,23.711922
249.7,23.846973
249.8,23.750978
249.9,23.505257
250.0,23.505257
250.1,23.614382
250.2,23.614382
250.3,23.95003
250.4,23.95003
250.5,24.543999
250.6,24.543999
250.7,24.692516
250.8,24.655375
250.9,24.817204
251.0,24.817204
251.1,25.06431
251.2,25.06431
251.3,25.104467
251.4,25.104467
251.5,25.282478
251.6,25.282478
251.7,25.4833
251.8,25.53515
251.9,25.751877
252.0,25.751877
252.1,26.034843
252.2,25.952753
252.3,25.767088
252.4,25.730318
252.5,25.786957
252.6,25.798023
252.7,25.600912
252.8,25.427874
252.9,25.4133
253.0,25.4133
253.1,25.367487
253.2,25.209385
253.3,24.864088
253.4,24.64896
253.5,24.361721
253.6,24.288528
253.7,24.38799
253.8,24.567842
253.9,24.548899
254.0,24.431465
254.1,24.32798
254.2,24.411003
254.3,24.184195
254.4,24.091904
254.5,23.972837
254.6,24.28841
254.7,24.64781
254.8,24.79378
254.9,24.536058
255.0,24.53933
255.1,24.536766
255.2,24.666212
255.3,25.07663
255.4,25.289278
255.5,25.388237
255.6,25.481695
255.7,25.394964
255.8,25.39682
255.9,25.339348
256.0,25.683594
256.1,25.66402
256.2,25.65376
256.3,25.311447
256.4,25.279099
256.5,25.199333
256.6,25.032495
256.7,24.902523
256.8,24.771746
256.9,24.86797
257.0,25.353142
257.1,25.608639
257.2,25.595201
257.3,25.595201
257.4,25.556374
257.5,25.747765
257.6,25.934744
257.7,25.953354
257.8,25.858196
257.9,25.958044
258.0,25.81596
258.1,25.882072
258.2,25.834936
258.3,25.992018
258.4,26.28318
258.5,26.297678
258.6,25.98817
258.7,25.930826
258.8,25.963362
258.9,26.105713
259.0,26.21439
259.1,26.139477
259.2,26.051842
259.3,25.901026
259.4,26.002731
259.5,25.937454
259.6,25.914028
259.7,25.948341
259.8,25.978596
259.9,25.925465
260.0,25.925465
260.1,25.857376
260.2,26.095688
260.3,26.731758
260.4,26.934395
260.5,27.000057
260.6,26.949059
260.7,27.025951
260.8,27.223858
260.9,27.389921
261.0,27.465282
261.1,27.436623
261.2,27.397867
261.3,27.283611
261.4,27.283611
261.5,27.330122
261.6,27.438444
261.7,27.49152
261.8,27.470337
261.9,27.46774
262.0,27.423893
262.1,27.646196
262.2,27.612106
262.3,27.68241
262.4,27.68241
262.5,28.004137
262.6,28.198967
262.7,28.625792
262.8,28.816921
262.9,28.938015
263.0,28.639769
263.1,28.59771
263.2,28.707888
263.3,28.876062
263.4,28.962912
263.5,28.757217
263.6,28.367277
263.7,28.367277
263.8,27.954811
263.9,27.75255
264.0,27.560055
264.1,27.500732
264.2,27.678175
264.3,27.678175
264.4,28.048075
264.5,28.11571
264.6,28.073973
264.7,28.073973
264.8,27.7674
264.9,27.774206
265.0,27.958492
265.1,27.958492
265.2,27.850601
265.3,27.850601
265.4,28.027552
265.5,28.027552
265.6,28.022268
265.7,28.022268
265.8,27.97253
265.9,27.952812
266.0,28.121847
266.1,28.121847
266.2,28.465872
266.3,28.465872
266.4,28.217976
266.5,28.173811
266.6,28.029821
266.7,28.029821
266.8,28.286638
266.9,28.536959
267.0,28.569687
267.1,28.606783
267.2,28.328661
267.3,28.257355
267.4,28.349262
267.5,28.600588
267.6,28.615328
267.7,28.615328
267.8,28.521717
267.9,28.576756
268.0,28.62736
268.1,28.62736
268.2,28.75942
268.3,28.810266
268.4,28.626373
268.5,28.732038
268.6,29.070099
268.7,29.070099
268.8,29.337315
268.9,29.44535
269.0,29.22909
269.1,29.365282
269.2,29.299582
269.3,29.314241
269.4,29.378656
269.5,29.252752
269.6,29.047344
269.7,28.73842
269.8,28.641867
269.9,28.805891
270.0,29.224596
270.1,29.420523
270.2,29.718204
270.3,29.77642
270.4,29.768587
270.5,29.61873
270.6,29.635223
270.7,29.673233
270.8,29.66057
270.9,29.63717
271.0,29.996101
271.1,29.996101
271.2,30.377445
271.3,30.357141
271.4,30.145943
271.5,30.023485
271.6,29.849022
271.7,29.849022
271.8,29.756725
271.9,29.699526
272.0,29.589375
272.1,29.589375
272.2,29.510283
272.3,29.439219
272.4,29.268545
272.5,29.145384
272.6,29.145836
272.7,29.24095
272.8,29.122452
272.9,29.003319
273.0,29.06371
273.1,29.268816
273.2,29.477764
273.3,29.58812
273.4,29.662947
273.5,29.68601
273.6,29.819405
273.7,29.90574
273.8,30.09194
273.9,30.033312
274.0,29.70657
274.1,29.70657
274.2,29.28076
274.3,29.311565
274.4,29.423325
274.5,29.423325
274.6,29.695517
274.7,29.663744
274.8,29.526363
274.9,29.440992
275.0,29.504002
275.1,29.545801
275.2,29.57055
275.3,29.460802
275.4,29.491976
275.5,29.638952
275.6,29.843197
275.7,30.17946
275.8,30.17946
275.9,30.319532
276.0,30.319532
276.1,30.461342
276.2,30.42067
276.3,30.469992
276.4,30.469992
276.5,30.35323
276.6,30.46193
276.7,30.652166
276.8,30.652166
276.9,30.54632
277.0,30.54632
277.1,30.47869
277.2,30.47869
277.3,30.326317
277.4,30.326317
277.5,30.486948
277.6,30.486948
277.7,30.496756
277.8,30.496756
277.9,30.491917
278.0,30.491917
278.1,30.325382
278.2,30.325382
278.3,30.01404
278.4,30.01404
278.5,29.401657
278.6,29.401657
278.7,29.669624
278.8,29.669624
278.9,29.412855
279.0,29.412855
279.1,29.045427
279.2,29.045427
279.3,29.052364
279.4,29.052364
279.5,29.101318
279.6,29.101318
279.7,28.818132
279.8,28.818132
279.9,28.6966
280.0,28.6966
280.1,28.68431
280.2,28.68431
280.3,29.283342
280.4,29.283342
280.5,29.359962
280.6,29.359962
280.7,29.375475
280.8,29.375475
280.9,29.468893
281.0,29.468893
281.1,28.682674
281.2,28.682674
281.3,28.650948
281.4,28.650948
281.5,29.048033
281.6,29.048033
281.7,29.431324
281.8,29.431324
281.9,29.179846
282.0,29.179846
282.1,28.877537
282.2,28.877537
282.3,28.945002
282.4,28.945002
282.5,28.94494
282.6,28.94494
282.7,28.959003
282.8,28.959003
282.9,29.623405
283.0,29.623405
283.1,29.886019
283.2,29.886019
283.3,30.190063
283.4,30.190063
283.5,30.179825
283.6,30.208736
283.7,30.313423
283.8,30.35637
283.9,30.243822
284.0,30.243822
284.1,30.390364
284.2,30.549467
284.3,30.62875
284.4,30.72303
284.5,30.76876
284.6,30.811146
284.7,31.181786
284.8,31.329151
284.9,31.351637
285.0,31.348757
285.1,31.331526
285.2,31.478842
285.3,31.873518
285.4,32.13067
285.5,32.262875
285.6,32.337276
285.7,32.399326
285.8,32.377182
285.9,32.31322
286.0,32.29936
286.1,32.172966
286.2,32.32983
286.3,32.563763
286.4,32.563763
286.5,32.630962
286.6,32.637028
286.7,32.67831
286.8,32.67831
286.9,32.633602
287.0,32.481895
287.1,32.5578
287.2,32.50832
287.3,32.80623
287.4,32.80623
287.5,33.326965
287.6,33.556313
287.7,33.70876
287.8,33.70876
287.9,33.804638
288.0,33.86374
288.1,33.898064
288.2,33.90513
288.3,34.008633
288.4,33.941444
288.5,33.769226
288.6,33.67783
288.7,33.727783
288.8,33.727783
288.9,33.89828
289.0,33.90932
289.1,33.95269
289.2,33.95269
289.3,33.53936
289.4,33.53936
289.5,33.591423
289.6,33.640366
289.7,33.647167
289.8,33.647167
289.9,33.44733
290.0,33.535126
290.1,33.728535
290.2,33.818024
290.3,34.01347
290.4,34.01347
290.5,34.062996
290.6,33.913433
290.7,33.484173
290.8,33.426365
290.9,33.46857
291.0,33.545204
291.1,33.43572
291.2,33.2761
291.3,33.2709
291.4,33.191708
291.5,33.312183
291.6,33.24382
291.7,33.276897
291.8,33.276897
291.9,33.362984
292.0,33.372696
292.1,33.09356
292.2,32.936058
292.3,32.799393
292.4,32.640778
292.5,32.26757
292.6,32.28757
292.7,32.52645
292.8,32.52645
292.9,32.596027
293.0,32.541656
293.1,32.787453
293.2,32.68835
293.3,32.474762
293.4,32.249947
293.5,32.1516
293.6,32.19936
293.7,32.243088
293.8,32.07652
293.9,32.08721
294.0,32.257336
294.1,32.51732
294.2,32.389603
294.3,32.222446
294.4,31.982805
294.5,32.251335
294.6,32.21125
294.7,32.208694
294.8,32.046192
294.9,32.19667
295.0,32.362705
295.1,32.710194
295.2,32.7342
295.3,32.68803
295.4,32.609993
295.5,32.659954
295.6,32.60224
295.7,32.157837
295.8,31.939114
295.9,31.863054
296.0,31.873465
296.1,32.223564
296.2,32.188534
296.3,31.880367
296.4,31.880367
296.5,31.723278
296.6,31.718431
296.7,31.708334
296.8,31.810667
296.9,32.29488
297.0,32.29488
297.1,32.509895
297.2,32.53369
297.3,32.63847
297.4,32.63847
297.5,32.76317
297.6,32.61791
297.7,32.436573
297.8,32.328106
297.9,31.979914
298.0,31.731932
298.1,31.534016
298.2,31.877878
298.3,32.010807
298.4,32.120567
298.5,32.110855
298.6,32.1978
298.7,32.266346
298.8,32.24862
298.9,32.249237
299.0,32.344723
299.1,32.079086
299.2,32.11685
299.3,32.26872
299.4,32.50801
299.5,32.47555
299.6,32.17137
299.7,32.00464
299.8,32.00464
299.9,32.360992
300.0,32.18948
300.1,31.793694
300.2,31.772123
300.3,31.990164
300.4,31.990164
300.5,32.017864
300.6,31.877707
300.7,31.870289
300.8,31.870289
300.9,31.815458
301.0,31.84052
301.1,31.963337
301.2,31.963337
301.3,32.162277
301.4,32.09024
301.5,31.813076
301.6,31.856457
301.7,32.201035
301.8,32.201035
301.9,32.2547
302.0,32.1587
302.1,32.024075
302.2,32.024075
302.3,32.183773
302.4,32.182625
302.5,31.743761
302.6,31.743761
302.7,31.957949
302.8,31.957949
302.9,32.194557
303.0,32.245995
303.1,32.559353
303.2,32.559353
303.3,33.3151
303.4,33.3151
303.5,33.117977
303.6,33.117977
303.7,32.420803
303.8,32.420803
303.9,32.101173
304.0,32.101173
304.1,31.935308
304.2,31.935308
304.3,31.85687
304.4,31.85687
304.5,31.773869
304.6,31.773869
304.7,32.44359
304.8,32.44359
304.9,32.580826
305.0,32.580826
305.1,32.37983
305.2,32.37983
305.3,32.378883
305.4,32.378883
305.5,32.04289
305.6,32.04289
305.7,32.167973
305.8,32.167973
305.9,32.07253
306.0,32.07253
306.1,31.63926
306.2,31.63926
306.3,31.865221
306.4,31.865221
306.5,31.926449
306.6,31.926449
306.7,31.548668
306.8,31.548668
306.9,31.621168
307.0,31.621168
307.1,31.842028
307.2,31.842028
307.3,31.421227
307.4,31.421227
307.5,31.615698
307.6,31.615698
307.7,31.808487
307.8,31.808487
307.9,32.03421
308.0,32.03421
308.1,31.859829
308.2,31.859829
308.3,31.56893
308.4,31.56893
308.5,31.480751
308.6,31.480751
308.7,31.667078
308.8,31.667078
308.9,31.594145
309.0,31.594145
309.1,31.451187
309.2,31.451187
309.3,31.875498
309.4,31.875498
309.5,31.78916
309.6,31.78916
309.7,31.320997
309.8,31.320997
309.9,30.933233
310.0,30.933233
310.1,31.54989
310.2,31.54989
310.3,31.804676
310.4,31.804676
310.5,31.6501
310.6,31.6501
310.7,31.674334
310.8,31.674334
310.9,31.898552
311.0,31.898552
311.1,31.44109
311.2,31.44109
311.3,31.385002
311.4,31.385002
311.5,31.387884
311.6,31.387884
311.7,31.15258
311.8,31.15258
311.9,31.128632
312.0,31.128632
312.1,31.489555
312.2,31.489555
312.3,31.933216
312.4,31.933216
312.5,31.748222
312.6,31.748222
312.7,31.469126
312.8,31.469126
312.9,31.695078
313.0,31.695078
313.1,31.625885
313.2,31.625885
313.3,31.209183
313.4,31.209183
313.5,31.061491
313.6,31.061491
313.7,31.586365
313.8,31.586365
313.9,31.113642
314.0,31.113642
314.1,31.138668
314.2,31.138668
314.3,31.199978
314.4,31.199978
314.5,31.316536
314.6,31.316536
314.7,31.621572
314.8,31.621572
314.9,32.083344
315.0,32.083344
315.1,32.16988
315.2,32.16988
315.3,32.38194
315.4,32.38194
315.5,32.777073
315.6,32.777073
315.7,32.6495
315.8,32.6495
315.9,32.246197
316.0,32.246197
316.1,32.06189
316.2,32.06189
316.3,32.006363
316.4,32.006363
316.5,31.850586
316.6,31.850586
316.7,31.585583
316.8,31.585583
316.9,30.801176
317.0,30.801176
317.1,30.006212
317.2,30.006212
317.3,28.50797
317.4,28.50797
317.5,28.802418
317.6,28.802418
317.7,29.253922
317.8,29.253922
317.9,29.233074
318.0,29.233074
318.1,28.764565
318.2,28.764565
318.3,28.640848
318.4,28.640848
318.5,28.456913
318.6,28.456913
318.7,28.478682
318.8,28.478682
318.9,28.643131
319.0,28.643131
319.1,28.487062
319.2,28.487062
319.3,28.630878
319.4,28.630878
319.5,28.254818
319.6,28.254818
319.7,28.114634
319.8,28.114634
319.9,28.512804
320.0,28.512804
320.1,28.08264
320.2,28.08264
320.3,27.856592
320.4,27.856592
320.5,28.294773
320.6,28.294773
320.7,28.848827
320.8,28.848827
320.9,29.459566
321.0,29.459566
321.1,29.614285
321.2,29.614285
321.3,29.863148
321.4,29.863148
321.5,30.136389
321.6,30.136389
321.7,30.361279
321.8,30.361279
321.9,30.054626
322.0,30.054626
322.1,30.272373
322.2,30.272373
322.3,30.241959
322.4,30.241959
322.5,29.719957
322.6,29.719957
322.7,29.515974
322.8,29.515974
322.9,29.03905
323.0,29.03905
323.1,28.803158
323.2,28.803158
323.3,29.258307
323.4,29.258307
323.5,29.584229
323.6,29.584229
323.7,29.422293
323.8,29.422293
323.9,28.811665
324.0,28.811665
324.1,29.426418
324.2,29.426418
324.3,29.521927
324.4,29.521927
324.5,28.835316
324.6,28.835316
324.7,28.694424
324.8,28.694424
324.9,28.369226
325.0,28.369226
325.1,28.34294
325.2,28.34294
325.3,28.564869
325.4,28.564869
325.5,28.506105
325.6,28.506105
325.7,29.04337
325.8,29.04337
325.9,28.99537
326.0,28.99537
326.1,28.657223
326.2,28.657223
326.3,27.809
326.4,27.809
326.5,27.469301
326.6,27.469301
326.7,27.267647
326.8,27.267647
326.9,27.37565
327.0,27.37565
327.1,27.47752
327.2,27.47752
327.3,27.600174
327.4,27.600174
327.5,27.242788
327.6,27.242788
327.7,27.296423
327.8,27.296423
327.9,27.799583
328.0,27.799583
328.1,27.849806
328.2,27.849806
328.3,27.615864
328.4,27.615864
328.5,27.994497
328.6,27.994497
328.7,28.161995
328.8,28.161995
328.9,28.452417
329.0,28.452417
329.1,28.8641
329.2,28.8641
329.3,28.961763
329.4,28.961763
329.5,28.997831
329.6,28.997831
329.7,29.606056
329.8,29.606056
329.9,30.10847
330.0,30.10847
330.1,29.907244
330.2,29.907244
330.3,29.65393
330.4,29.65393
330.5,29.491526
330.6,29.491526
330.7,29.525501
330.8,29.525501
330.9,30.365932
331.0,30.365932
331.1,30.063953
331.2,30.063953
331.3,29.610579
331.4,29.610579
331.5,29.479053
331.6,29.479053
331.7,29.39074
331.8,29.39074
331.9,29.35816
332.0,29.35816
332.1,29.585392
332.2,29.585392
332.3,29.668634
332.4,29.668634
332.5,30.374828
332.6,30.374828
332.7,30.328676
332.8,30.328676
332.9,29.932995
333.0,29.932995
333.1,29.824528
333.2,29.824528
333.3,29.721207
333.4,29.721207
333.5,30.117887
333.6,30.117887
333.7,30.46522
333.8,30.46522
333.9,30.752197
334.0,30.752197
334.1,30.362839
334.2,30.362839
334.3,30.076967
334.4,30.076967
334.5,30.50651
334.6,30.50651
334.7,30.027206
334.8,30.027206
334.9,30.583431
335.0,30.583431
335.1,30.86085
335.2,30.86085
335.3,30.206852
335.4,30.206852
335.5,30.1427
335.6,30.1427
335.7,30.287197
335.8,30.287197
335.9,30.218138
336.0,30.218138
336.1,30.07693
336.2,30.07693
336.3,30.103893
336.4,30.103893
336.5,30.210945
336.6,30.210945
336.7,30.767294
336.8,30.767294
336.9,31.161974
337.0,31.161974
337.1,31.078146
337.2,31.078146
337.3,30.780312
337.4,30.780312
337.5,30.962868
337.6,31.106016
337.7,31.255444
337.8,31.255444
337.9,31.624834
338.0,31.624834
338.1,31.425585
338.2,31.425585
338.3,31.578943
338.4,31.578943
338.5,31.51693
338.6,31.51693
338.7,30.682898
338.8,30.682898
338.9,30.997778
339.0,30.997778
339.1,31.588247
339.2,31.588247
339.3,31.74038
339.4,31.74038
339.5,31.454525
339.6,31.454525
339.7,31.245531
339.8,31.102592
339.9,31.018988
340.0,31.018988
340.1,31.48117
340.2,31.48117
340.3,31.612457
340.4,31.612457
340.5,31.749048
340.6,31.749048
340.7,31.428684
340.8,31.428684
340.9,31.227383
341.0,31.227383
341.1,31.350857
341.2,31.350857
341.3,31.304909
341.4,31.304909
341.5,31.482458
341.6,31.482458
341.7,32.231415
341.8,32.231415
341.9,32.006145
342.0,32.006145
342.1,31.434233
342.2,31.434233
342.3,31.65693
342.4,31.65693
342.5,31.51166
342.6,31.51166
342.7,31.610825
342.8,31.610825
342.9,31.834063
343.0,31.834063
343.1,32.263332
343.2,32.263332
343.3,31.795355
343.4,31.795355
343.5,31.022789
343.6,31.022789
343.7,31.303726
343.8,31.303726
343.9,31.857513
344.0,31.857513
344.1,32.163372
344.2,32.163372
344.3,31.73032
344.4,31.73032
344.5,31.689636
344.6,31.689636
344.7,31.67146
344.8,31.67146
344.9,31.474245
345.0,31.474245
345.1,31.551449
345.2,31.551449
345.3,31.819427
345.4,31.819427
345.5,31.639442
345.6,31.639442
345.7,31.464529
345.8,31.464529
345.9,31.79753
346.0,31.79753
346.1,32.020416
346.2,32.020416
346.3,32.109844
346.4,32.109844
346.5,32.103554
346.6,32.103554
346.7,31.355995
346.8,31.355995
346.9,31.302355
347.0,31.302355
347.1,31.537977
347.2,31.537977
347.3,32.018894
347.4,32.018894
347.5,32.077087
347.6,32.077087
347.7,31.989544
347.8,31.989544
347.9,31.145483
348.0,31.145483
348.1,31.556576
348.2,31.556576
348.3,31.869644
348.4,31.869644
348.5,31.787971
348.6,31.787971
348.7,32.155907
348.8,32.155907
348.9,31.92557
349.0,31.92557
349.1,31.526506
349.2,31.526506
349.3,31.5996
349.4,31.5996
349.5,31.795603
349.6,31.795603
349.7,31.421873
349.8,31.421873
349.9,31.1948
350.0,31.1948
350.1,31.65945
350.2,31.65945
350.3,31.863546
350.4,31.863546
350.5,31.716066
350.6,31.716066
350.7,31.79358
350.8,31.79358
350.9,32.3015
351.0,32.3015
351.1,31.894869
351.2,31.894869
351.3,31.373552
351.4,31.373552
351.5,31.484447
351.6,31.484447
351.7,31.927944
351.8,31.927944
351.9,31.74719
352.0,31.74719
352.1,31.678923
352.2,31.678923
352.3,32.3272
352.4,32.3272
352.5,32.30909
352.6,32.30909
352.7,31.764738
352.8,31.764738
352.9,31.254166
353.0,31.254166
353.1,31.474684
353.2,31.474684
353.3,31.69066
353.4,31.69066
353.5,32.010296
353.6,32.010296
353.7,31.783329
353.8,31.783329
353.9,31.488108
354.0,31.488108
354.1,31.49037
354.2,31.49037
354.3,31.543213
354.4,31.543213
354.5,31.511335
354.6,31.511335
354.7,31.73747
354.8,31.73747
354.9,31.70476
355.0,31.70476
355.1,31.743887
355.2,31.743887
355.3,32.276905
355.4,32.276905
355.5,31.465702
355.6,31.465702
355.7,30.719566
355.8,30.719566
355.9,31.067307
356.0,31.067307
356.1,31.421274
356.2,31.421274
356.3,31.278448
356.4,31.278448
356.5,31.133978
356.6,31.133978
356.7,31.293764
356.8,31.293764
356.9,31.661112
357.0,31.661112
357.1,32.119614
357.2,32.119614
357.3,31.733109
357.4,31.666454
357.5,31.670347
357.6,31.670347
357.7,31.482857
357.8,31.482857
357.9,31.617981
358.0,31.617981
358.1,31.655489
358.2,31.655489
358.3,32.02117
358.4,32.046276
358.5,31.570036
358.6,31.570036
358.7,31.579794
358.8,31.729464
358.9,32.07383
359.0,32.07383
359.1,31.751778
359.2,31.751778
359.3,31.153158
359.4,31.095459
359.5,31.437683
359.6,31.437683
359.7,31.259657
359.8,30.88959
359.9,30.69346
360.0,30.871176
360.1,31.453741
360.2,31.453741
360.3,31.426262
360.4,31.205145
360.5,30.88321
360.6,30.88321
360.7,30.798536
360.8,30.998909
360.9,31.46695
361.0,31.512497
361.1,31.367086
361.2,31.069777
361.3,30.809689
361.4,30.89855
361.5,31.029404
361.6,31.075026
361.7,31.318306
361.8,31.407406
361.9,31.37542
362.0,31.267326
362.1,31.13613
362.2,31.116398
362.3,31.673403
362.4,31.888565
362.5,31.509727
362.6,31.269604
362.7,31.160301
362.8,31.08823
362.9,31.117952
363.0,31.08662
363.1,31.019869
363.2,30.825392
363.3,30.726877
363.4,30.844213
363.5,31.080927
363.6,31.202404
363.7,31.285492
363.8,31.285492
363.9,31.753506
364.0,31.908731
364.1,31.93245
364.2,31.576084
364.3,31.20985
364.4,30.90371
364.5,30.819845
364.6,30.870554
364.7,31.370045
364.8,31.370045
364.9,31.581514
365.0,31.529896
365.1,31.210657
365.2,31.04074
365.3,31.084185
365.4,31.150198
365.5,31.399036
365.6,31.431244
365.7,31.14254
365.8,31.031948
365.9,31.014637
366.0,31.280947
366.1,31.472551
366.2,31.37321
366.3,31.387152
366.4,31.387152
366.5,31.470957
366.6,31.52666
366.7,31.345549
366.8,31.345549
366.9,31.826036
367.0,31.826036
367.1,32.252712
367.2,32.30803
367.3,32.04631
367.4,32.04631
367.5,31.988241
367.6,31.973412
367.7,31.64046
367.8,31.64046
367.9,31.252827
368.0,31.252827
368.1,31.567003
368.2,31.567003
368.3,31.903599
368.4,31.903599
368.5,31.775024
368.6,31.909521
368.7,31.694372
368.8,31.694372
368.9,31.068293
369.0,30.733044
369.1,30.878002
369.2,30.878002
369.3,31.702984
369.4,31.702984
369.5,31.69121
369.6,31.69121
369.7,32.079117
369.8,32.079117
369.9,32.229343
370.0,32.195282
370.1,32.18927
370.2,32.18927
370.3,31.991703
370.4,31.836252
370.5,31.566677
370.6,31.580765
370.7,31.69466
370.8,31.69466
370.9,31.632727
371.0,31.617657
371.1,31.545883
371.2,31.545883
371.3,31.6394
371.4,31.62241
371.5,31.659597
371.6,31.797813
371.7,32.11061
371.8,32.11061
371.9,31.881485
372.0,31.89338
372.1,31.904335
372.2,31.904335
372.3,31.786928
372.4,31.75148
372.5,31.8856
372.6,31.8856
372.7,31.85167
372.8,31.85167
372.9,31.629442
373.0,31.574432
373.1,31.584072
373.2,31.584072
373.3,31.333324
373.4,31.430067
373.5,31.484615
373.6,31.484615
373.7,31.418625
373.8,31.509506
373.9,31.729399
374.0,31.729399
374.1,31.855373
374.2,31.81244
374.3,31.946775
374.4,31.943518
374.5,31.750511
374.6,31.750511
374.7,31.769676
374.8,31.827057
374.9,31.781487
375.0,31.781487
375.1,31.666035
375.2,31.67294
375.3,31.421768
375.4,31.421768
375.5,31.375507
375.6,31.533434
375.7,31.93404
375.8,31.93404
375.9,31.598717
376.0,31.598717
376.1,31.45396
376.2,31.497906
376.3,32.033348
376.4,32.23413
376.5,32.460014
376.6,32.386383
376.7,32.15411
376.8,32.04176
376.9,32.154568
377.0,32.182644
377.1,31.98299
377.2,31.874496
377.3,32.010223
377.4,32.03266
377.5,32.059593
377.6,31.968805
377.7,31.80893
377.8,31.810541
377.9,31.797346
378.0,31.797346
378.1,32.069855
378.2,32.122276
378.3,31.838625
378.4,31.755804
378.5,31.942997
378.6,32.13765
378.7,32.238926
378.8,32.189552
378.9,31.896812
379.0,31.640013
379.1,31.51561
379.2,31.367826
379.3,30.944605
379.4,30.754665
379.5,30.951738
379.6,31.222239
379.7,31.603642
379.8,31.611269
379.9,31.659739
380.0,31.751253
380.1,31.933352
380.2,31.64933
380.3,31.29839
380.4,31.276628
380.5,31.5325
380.6,31.659977
380.7,32.16559
380.8,32.27461
380.9,32.39279
381.0,32.39279
381.1,32.108242
381.2,31.958683
381.3,31.53514
381.4,31.637562
381.5,31.807713
381.6,31.994808
381.7,32.063133
381.8,31.889063
381.9,31.512648
382.0,31.386395
382.1,31.45468
382.2,31.574018
382.3,31.640827
382.4,31.50775
382.5,31.29293
382.6,31.237747
382.7,31.616365
382.8,31.973032
382.9,32.112556
383.0,32.112556
383.1,31.864397
383.2,31.616484
383.3,31.596607
383.4,31.617073
383.5,31.75267
383.6,31.75267
383.7,31.914865
383.8,31.974798
383.9,31.83268
384.0,31.83268
384.1,31.614586
384.2,31.608315
384.3,31.507776
384.4,31.581047
384.5,31.668755
384.6,31.87876
384.7,32.067795
384.8,32.27934
384.9,32.07411
385.0,32.037674
385.1,31.627953
385.2,31.527681
385.3,31.528048
385.4,31.74141
385.5,31.920347
385.6,32.314342
385.7,32.31735
385.8,32.327366
385.9,32.092648
386.0,31.405367
386.1,31.076921
386.2,30.941353
386.3,31.47518
386.4,31.83845
386.5,32.12142
386.6,32.07441
386.7,31.869537
386.8,31.851402
386.9,31.780735
387.0,32.00133
387.1,32.085487
387.2,32.244587
387.3,32.244587
387.4,32.29114
387.5,32.256237
387.6,32.219006
387.7,32.219006
387.8,32.149277
387.9,31.9934
388.0,32.042107
388.1,32.042107
388.2,32.292625
388.3,32.220203
388.4,32.267246
388.5,32.168015
388.6,32.069096
388.7,32.069096
388.8,31.991562
388.9,32.00527
389.0,32.26227
389.1,32.16866
389.2,32.129307
389.3,31.79267
389.4,31.809061
389.5,31.639614
389.6,31.814814
389.7,31.487497
389.8,31.512152
389.9,31.543907
390.0,31.781229
390.1,32.36232
390.2,32.30734
390.3,31.887257
390.4,31.887257
390.5,31.625908
390.6,31.564047
390.7,31.900208
390.8,31.927298
390.9,31.835157
391.0,31.835157
391.1,31.860723
391.2,32.094135
391.3,32.051853
391.4,32.15159
391.5,32.168915
391.6,32.230743
391.7,32.401543
391.8,32.23066
391.9,32.094513
392.0,31.705778
392.1,31.579897
392.2,31.451
392.3,31.567953
392.4,31.719131
392.5,31.846125
392.6,31.905962
392.7,31.835443
392.8,31.782053
392.9,31.85726
393.0,31.868164
393.1,31.9584
393.2,31.963947
393.3,32.093147
393.4,32.327774
393.5,32.307568
393.6,32.265503
393.7,32.33095
393.8,32.402027
393.9,32.292496
394.0,32.109955
394.1,31.775225
394.2,31.724104
394.3,31.639408
394.4,31.670853
394.5,31.698626
394.6,31.69616
394.7,31.715626
394.8,31.837925
394.9,32.100903
395.0,32.225357
395.1,32.217846
395.2,32.34477
395.3,32.333527
395.4,32.530178
395.5,32.356064
395.6,31.976799
395.7,31.976799
395.8,31.978674
395.9,31.985556
396.0,31.513697
396.1,31.492725
396.2,31.494486
396.3,31.494486
396.4,31.638449
396.5,31.812634
396.6,32.23222
396.7,32.23222
396.8,31.741146
396.9,31.741146
397.0,31.132938
397.1,31.132938
397.2,31.884363
397.3,31.884363
397.4,32.491947
397.5,32.515774
397.6,32.538563
397.7,32.538563
397.8,32.42546
397.9,32.42546
398.0,32.278614
398.1,32.278614
398.2,32.11754
398.3,32.11754
398.4,32.194286
398.5,32.194286
398.6,32.321564
398.7,32.321564
398.8,31.898766
398.9,31.898766
399.0,31.66507
399.1,31.66507
399.2,32.061016
399.3,32.061016
399.4,32.444103
399.5,32.444103
399.6,32.01317
399.7,32.01317
399.8,31.561478
399.9,31.561478
400.0,31.57168
400.1,31.57168
400.2,31.041727
400.3,30.896242
400.4,31.040733
400.5,31.040733
400.6,31.399212
400.7,31.399212
400.8,31.736263
400.9,31.736263
401.0,31.646875
401.1,31.646875
401.2,31.619003
401.3,31.619003
401.4,31.569283
401.5,31.569283
401.6,32.084244
401.7,32.084244
401.8,32.090733
401.9,32.090733
402.0,31.75484
402.1,31.75484
402.2,31.833246
402.3,31.833246
402.4,31.763975
402.5,31.763975
402.6,31.768326
402.7,31.768326
402.8,31.473234
402.9,31.473234
403.0,31.136284
403.1,31.136284
403.2,30.973621
403.3,30.973621
403.4,30.90875
403.5,30.90875
403.6,31.190956
403.7,31.190956
403.8,31.029968
403.9,31.029968
404.0,30.909618
404.1,30.909618
404.2,31.634308
404.3,31.634308
404.4,31.831383
404.5,31.831383
404.6,31.672825
404.7,31.672825
404.8,31.404709
404.9,31.404709
405.0,31.324308
405.1,31.324308
405.2,31.366217
405.3,31.366217
405.4,31.657742
405.5,31.657742
405.6,32.070667
405.7,32.070667
405.8,32.156845
405.9,32.156845
406.0,31.751932
406.1,31.751932
406.2,31.727201
406.3,31.727201
406.4,31.248901
406.5,31.248901
406.6,30.938234
406.7,30.938234
406.8,31.484295
406.9,31.484295
407.0,31.664757
407.1,31.664757
407.2,30.85962
407.3,30.85962
407.4,31.27391
407.5,31.27391
407.6,32.113384
407.7,32.113384
407.8,31.811392
407.9,31.811392
408.0,31.1318
408.1,31.1318
408.2,30.835209
408.3,30.835209
408.4,31.203548
408.5,31.203548
408.6,31.191193
408.7,31.191193
408.8,31.34941
408.9,31.34941
409.0,30.841343
409.1,30.780043
409.2,31.017914
409.3,31.017914
409.4,31.062298
409.5,31.062298
409.6,31.393995
409.7,31.393995
409.8,31.67585
409.9,31.67585
410.0,31.484312
410.1,31.484312
410.2,31.702715
410.3,31.702715
410.4,31.79102
410.5,31.79102
410.6,31.71912
410.7,31.71912
410.8,31.92036
410.9,31.92036
411.0,32.194687
411.1,32.194687
411.2,31.67467
411.3,31.67467
411.4,31.489643
411.5,31.489643
411.6,31.838188
411.7,31.838188
411.8,31.55032
411.9,31.55032
412.0,31.734016
412.1,31.734016
412.2,31.760483
412.3,31.760483
412.4,32.091904
412.5,32.091904
412.6,32.27018
412.7,32.27018
412.8,31.950228
412.9,31.950228
413.0,31.198849
413.1,31.198849
413.2,31.081903
413.3,31.081903
413.4,31.1489
413.5,31.1489
413.6,31.410797
413.7,31.410797
413.8,32.063297
413.9,32.063297
414.0,32.361256
414.1,32.361256
414.2,32.30459
414.3,32.30459
414.4,31.631498
414.5,31.631498
414.6,31.996737
414.7,31.996737
414.8,31.951942
414.9,31.951942
415.0,31.609112
415.1,31.609112
415.2,31.356087
415.3,31.356087
415.4,31.922892
415.5,31.922892
415.6,32.083973
415.7,32.024067
415.8,31.883274
415.9,31.883274
416.0,32.397614
416.1,32.397614
416.2,32.411587
416.3,32.411587
416.4,32.185112
416.5,32.185112
416.6,32.05051
416.7,32.017555
416.8,32.3412
416.9,32.3412
417.0,32.179707
417.1,32.179707
417.2,31.787615
417.3,31.787615
417.4,31.434593
417.5,31.434593
417.6,31.487263
417.7,31.487263
417.8,31.277798
417.9,31.277798
418.0,31.353344
418.1,31.353344
418.2,31.220383
418.3,31.220383
418.4,31.368176
418.5,31.368176
418.6,32.15531
418.7,32.15531
418.8,31.895502
418.9,31.895502
419.0,31.205364
419.1,31.205364
419.2,31.218002
419.3,31.218002
419.4,31.800571
419.5,31.800571
419.6,32.15379
419.7,32.15379
419.8,31.600023
419.9,31.600023
420.0,31.477837
420.1,31.477837
420.2,31.599218
420.3,31.599218
420.4,31.415018
420.5,31.415018
420.6,30.889349
420.7,30.889349
420.8,30.897871
420.9,30.897871
421.0,31.602415
421.1,31.602415
421.2,32.23169
421.3,32.23169
421.4,32.307835
421.5,32.307835
421.6,32.27964
421.7,32.27964
421.8,32.47845
421.9,32.47845
422.0,32.186554
422.1,32.186554
422.2,31.834957
422.3,31.834957
422.4,31.471523
422.5,31.471523
422.6,31.616228
422.7,31.616228
422.8,31.940384
422.9,31.940384
423.0,32.309525
423.1,32.309525
423.2,32.244167
423.3,32.244167
423.4,32.34823
423.5,32.34823
423.6,32.30405
423.7,32.30405
423.8,31.875229
423.9,31.875229
424.0,31.91474
424.1,31.91474
424.2,32.25418
424.3,32.25418
424.4,32.40237
424.5,32.40237
424.6,32.579094
424.7,32.579094
424.8,31.652403
424.9,31.652403
425.0,31.638117
425.1,31.638117
425.2,31.611666
425.3,31.611666
425.4,31.65954
425.5,31.65954
425.6,31.35279
425.7,31.35279
425.8,31.447111
425.9,31.447111
426.0,31.809343
426.1,31.809343
426.2,32.04757
426.3,32.04757
426.4,31.744339
426.5,31.744339
426.6,31.669962
426.7,31.669962
426.8,31.525331
426.9,31.525331
427.0,31.152424
427.1,31.152424
427.2,31.04741
427.3,31.04741
427.4,31.747536
427.5,31.747536
427.6,31.37514
427.7,31.37514
427.8,30.973995
427.9,30.973995
428.0,31.439783
428.1,31.439783
428.2,31.513723
428.3,31.513723
428.4,31.606194
428.5,31.606194
428.6,31.9578
428.7,31.9578
428.8,32.058773
428.9,32.058773
429.0,31.586258
429.1,31.586258
429.2,31.606665
429.3,31.606665
429.4,32.349773
429.5,32.579582
429.6,32.58921
429.7,32.58921
429.8,32.51221
429.9,32.51221
430.0,32.740707
430.1,32.740707
430.2,32.388084
430.3,32.388084
430.4,32.323914
430.5,32.323914
430.6,32.584354
430.7,32.584354
430.8,32.61655
430.9,32.61655
431.0,32.385513
431.1,32.385513
431.2,32.250534
431.3,32.250534
431.4,32.110027
431.5,32.110027
431.6,31.999205
431.7,31.999205
431.8,31.981033
431.9,31.981033
432.0,31.690731
432.1,31.690731
432.2,31.475653
432.3,31.475653
432.4,31.571108
432.5,31.571108
432.6,31.670553
432.7,31.670553
432.8,31.846601
432.9,31.846601
433.0,32.257767
433.1,32.257767
433.2,32.484886
433.3,32.484886
433.4,32.71978
433.5,32.71978
433.6,32.605183
433.7,32.605183
433.8,31.726599
433.9,31.726599
434.0,31.386993
434.1,31.386993
434.2,31.727081
434.3,31.727081
434.4,31.461445
434.5,31.461445
434.6,31.193403
434.7,31.193403
434.8,31.2624
434.9,31.2624
435.0,31.702822
435.1,31.702822
435.2,31.923515
435.3,31.923515
435.4,31.495502
435.5,31.495502
435.6,31.32902
435.7,31.32902
435.8,31.594494
435.9,31.594494
436.0,31.851343
436.1,31.840113
436.2,31.70179
436.3,31.70179
436.4,31.809614
436.5,31.715979
436.6,31.999561
436.7,32.047527
436.8,32.08465
436.9,32.08465
437.0,31.724028
437.1,31.703484
437.2,31.544668
437.3,31.704378
437.4,32.060566
437.5,32.060566
437.6,32.332516
437.7,32.35767
437.8,31.947714
437.9,31.947714
438.0,31.542498
438.1,31.542498
438.2,31.75237
438.3,31.75237
438.4,31.741255
438.5,31.741255
438.6,31.673233
438.7,31.673233
438.8,32.1677
438.9,32.1677
439.0,31.886026
439.1,31.886026
439.2,31.914976
439.3,31.914976
439.4,32.131023
439.5,32.131023
439.6,32.071198
439.7,32.071198
439.8,31.747004
439.9,31.747004
440.0,32.003826
440.1,32.003826
440.2,32.007576
440.3,32.007576
440.4,31.970676
440.5,31.844278
440.6,31.526884
440.7,31.526884
440.8,31.10511
440.9,31.10511
441.0,31.403776
441.1,31.403776
441.2,31.848532
441.3,31.848532
441.4,31.682724
441.5,31.682724
441.6,31.558113
441.7,31.558113
441.8,31.399035
441.9,31.399035
442.0,31.729292
442.1,31.729292
442.2,31.72551
442.3,31.72551
442.4,31.870071
442.5,31.870071
442.6,31.939545
442.7,31.939545
442.8,31.717377
442.9,31.717377
443.0,31.677952
443.1,31.677952
443.2,31.73488
443.3,31.689474
443.4,31.834873
443.5,31.834873
443.6,31.959047
443.7,31.959047
443.8,31.588514
443.9,31.588514
444.0,31.223068
444.1,31.223068
444.2,31.73943
444.3,31.73943
444.4,32.366352
444.5,32.366352
444.6,32.34713
444.7,32.34713
444.8,31.618912
444.9,31.618912
445.0,30.979836
445.1,30.979836
445.2,30.910126
445.3,30.910126
445.4,31.133871
445.5,31.133871
445.6,31.322596
445.7,31.322596
445.8,31.699188
445.9,31.699188
446.0,31.728643
446.1,31.728643
446.2,31.239746
446.3,31.239746
446.4,31.125658
446.5,31.161325
446.6,31.37989
446.7,31.37989
446.8,31.89222
446.9,31.89222
447.0,31.874891
447.1,31.686754
447.2,31.461151
447.3,31.461151
447.4,31.440023
447.5,31.440023
447.6,31.477428
447.7,31.546803
447.8,31.463314
447.9,31.463314
448.0,31.432053
448.1,31.432053
448.2,31.649036
448.3,31.649036
448.4,31.541403
448.5,31.541403
448.6,31.678257
448.7,31.678257
448.8,31.574495
448.9,31.574495
449.0,31.81886
449.1,31.985527
449.2,31.91566
449.3,31.91566
449.4,31.603046
449.5,31.417551
449.6,31.483734
449.7,31.505718
449.8,31.900888
449.9,31.900888
450.0,32.317165
450.1,32.52594
450.2,32.13343
450.3,32.13343
450.4,31.39137
450.5,31.353548
450.6,31.826845
450.7,31.826845
450.8,31.887495
450.9,31.887495
451.0,31.515347
451.1,31.42317
451.2,31.631306
451.3,31.631306
451.4,31.965328
451.5,31.84163
451.6,31.648169
451.7,31.586025
451.8,31.605377
451.9,31.78915
452.0,31.722864
452.1,31.742668
452.2,31.979109
452.3,31.979109
452.4,32.18937
452.5,32.22988
452.6,32.125923
452.7,32.125923
452.8,32.15595
452.9,32.15595
453.0,31.89297
453.1,31.89297
453.2,31.451365
453.3,31.451365
453.4,31.434427
453.5,31.340654
453.6,31.331907
453.7,31.331907
453.8,31.275454
453.9,31.28254
454.0,31.516582
454.1,31.516582
454.2,31.652855
454.3,31.764462
454.4,31.797295
454.5,31.73938
454.6,31.694567
454.7,31.694567
454.8,31.291677
454.9,31.081976
455.0,31.120483
455.1,31.091387
455.2,31.09395
455.3,31.09395
455.4,31.513054
455.5,31.719727
455.6,31.625309
455.7,31.8133
455.8,31.992418
455.9,31.992418
456.0,32.018543
456.1,32.114304
456.2,31.922054
456.3,31.922054
456.4,31.117605
456.5,31.117605
456.6,30.965847
456.7,30.89213
456.8,31.102146
456.9,31.102146
457.0,31.745676
457.1,31.866652
457.2,32.002754
457.3,32.002754
457.4,32.123585
457.5,32.123585
457.6,32.112522
457.7,31.927305
457.8,32.021835
457.9,32.021835
458.0,32.16235
458.1,32.31051
458.2,31.839415
458.3,31.839415
458.4,31.119741
458.5,30.987986
458.6,30.980318
458.7,30.980318
458.8,31.287855
458.9,31.489304
459.0,31.78308
459.1,31.71124
459.2,31.785261
459.3,31.808933
459.4,32.07386
459.5,32.126736
459.6,32.181484
459.7,32.03091
459.8,31.871637
459.9,31.720675
460.0,31.70749
460.1,31.70376
460.2,31.710556
460.3,31.464384
460.4,31.44101
460.5,31.254622
460.6,31.28384
460.7,31.256407
460.8,31.304089
460.9,31.18433
461.0,31.139906
461.1,30.914026
461.2,31.063372
461.3,31.059086
461.4,31.020208
461.5,31.053167
461.6,31.05202
461.7,30.935793
461.8,30.7557
461.9,30.858534
462.0,31.211002
462.1,31.502947
462.2,31.58947
462.3,31.50724
462.4,31.512936
462.5,31.66442
462.6,31.92861
462.7,31.907084
462.8,31.67314
462.9,31.424921
463.0,31.25763
463.1,31.185543
463.2,31.17906
463.3,31.011732
463.4,30.90641
463.5,30.713163
463.6,30.797619
463.7,30.818846
463.8,30.686998
463.9,30.960466
464.0,31.29006
464.1,31.341108
464.2,30.889038
464.3,30.49944
464.4,30.514923
464.5,30.689602
464.6,30.870815
464.7,30.741575
464.8,30.882454
464.9,30.82731
465.0,30.98712
465.1,31.042515
465.2,31.042515
465.3,30.71173
465.4,30.67338
465.5,30.638363
465.6,30.67138
465.7,30.491892
465.8,30.559317
465.9,31.035807
466.0,31.685928
466.1,31.685928
466.2,31.690323
466.3,31.439865
466.4,31.14202
466.5,31.014723
466.6,30.853886
466.7,30.596153
466.8,30.486378
466.9,30.801556
467.0,31.279253
467.1,31.279253
467.2,30.884909
467.3,30.77349
467.4,30.250565
467.5,30.250565
467.6,30.585558
467.7,30.585558
467.8,31.374237
467.9,31.222519
468.0,30.580742
468.1,30.580742
468.2,30.012108
468.3,29.857502
468.4,30.239904
468.5,30.762598
468.6,31.415483
468.7,31.415483
468.8,31.206253
468.9,31.157026
469.0,30.996546
469.1,30.996546
469.2,30.727764
469.3,30.800318
469.4,30.968435
469.5,30.979858
469.6,30.956285
469.7,30.956285
469.8,31.17508
469.9,31.2501
470.0,31.053469
470.1,31.053469
470.2,31.061022
470.3,31.061022
470.4,31.331373
470.5,31.286299
470.6,31.342073
470.7,31.342073
470.8,31.395554
470.9,31.298813
471.0,31.358047
471.1,31.358047
471.2,31.383013
471.3,31.496279
471.4,31.5222
471.5,31.5222
471.6,31.44968
471.7,31.44968
471.8,31.73631
471.9,31.632627
472.0,31.511936
472.1,31.511936
472.2,31.683422
472.3,31.683422
472.4,31.629406
472.5,31.629406
472.6,31.480724
472.7,31.480724
472.8,31.545279
472.9,31.545279
473.0,31.616108
473.1,31.616108
473.2,31.57286
473.3,31.57286
473.4,31.299671
473.5,31.299671
473.6,30.754112
473.7,30.754112
473.8,30.6785
473.9,30.6785
474.0,30.3046
474.1,30.3046
474.2,29.971977
474.3,29.971977
474.4,30.129086
474.5,30.129086
474.6,29.97157
474.7,29.97157
474.8,30.171698
474.9,30.171698
475.0,30.174185
475.1,30.111198
475.2,30.427265
475.3,30.427265
475.4,30.226742
475.5,30.226742
475.6,29.85107
475.7,29.85107
475.8,29.675669
475.9,29.675669
476.0,29.82524
476.1,29.82524
476.2,30.432844
476.3,30.432844
476.4,31.10762
476.5,31.10762
476.6,31.144892
476.7,31.144892
476.8,31.480665
476.9,31.480665
477.0,31.51672
477.1,31.51672
477.2,31.332764
477.3,31.332764
477.4,31.027527
477.5,31.027527
477.6,30.994001
477.7,30.994001
477.8,30.986916
477.9,30.986916
478.0,31.162424
478.1,31.162424
478.2,31.1919
478.3,31.1919
478.4,31.206713
478.5,31.206713
478.6,30.600512
478.7,30.600512
478.8,30.565403
478.9,30.565403
479.0,31.134148
479.1,31.134148
479.2,30.671488
479.3,30.671488
479.4,30.776796
479.5,30.776796
479.6,30.637783
479.7,30.637783
479.8,31.131516
479.9,31.131516
480.0,31.175491
480.1,31.175491
480.2,31.024881
480.3,31.024881
480.4,30.681263
480.5,30.681263
480.6,30.659658
480.7,30.659658
480.8,30.999092
480.9,30.999092
481.0,30.759884
481.1,30.759884
481.2,31.10772
481.3,31.10772
481.4,31.317354
481.5,31.402128
481.6,31.482138
481.7,31.482138
481.8,31.115595
481.9,31.100298
482.0,31.39073
482.1,31.346598
482.2,31.376951
482.3,31.376951
482.4,31.46192
482.5,31.39907
482.6,31.415348
482.7,31.415348
482.8,31.24454
482.9,31.291294
483.0,30.985182
483.1,31.106829
483.2,31.107
483.3,31.097322
483.4,31.263594
483.5,31.087477
483.6,30.838476
483.7,30.838476
483.8,30.828415
483.9,30.860811
484.0,31.017967
484.1,31.152973
484.2,31.220734
484.3,31.352886
484.4,31.197224
484.5,31.291845
484.6,31.284851
484.7,31.298674
484.8,31.310463
484.9,31.469076
485.0,31.6038
485.1,31.392345
485.2,30.998405
485.3,30.601915
485.4,30.481394
485.5,30.938791
485.6,31.102701
485.7,30.853626
485.8,30.75805
485.9,30.763922
486.0,31.053116
486.1,31.125036
486.2,31.089222
486.3,30.949217
486.4,30.982128
486.5,31.112453
486.6,31.383404
486.7,31.342962
486.8,30.959518
486.9,30.6965
487.0,30.780287
487.1,30.780287
487.2,31.141535
487.3,31.239439
487.4,31.2516
487.5,31.2516
487.6,31.37689
487.7,31.37689
487.8,30.993196
487.9,30.904184
488.0,31.121244
488.1,31.121244
488.2,31.631212
488.3,31.887388
488.4,31.523481
488.5,31.414526
488.6,31.315708
488.7,31.315708
488.8,31.225239
488.9,30.986727
489.0,30.999714
489.1,30.999714
489.2,31.287163
489.3,31.44864
489.4,31.564573
489.5,31.396702
489.6,31.177063
489.7,30.945372
489.8,30.484566
489.9,30.584064
490.0,31.179483
490.1,31.179483
490.2,31.456102
490.3,31.415611
490.4,31.50592
490.5,31.650438
490.6,31.545279
490.7,31.545279
490.8,31.380812
490.9,31.385387
491.0,31.436096
491.1,31.436096
491.2,31.370481
491.3,31.436045
491.4,31.47255
491.5,31.47255
491.6,31.45085
491.7,31.53899
491.8,31.42698
491.9,31.610277
492.0,31.87727
492.1,31.87727
492.2,31.780188
492.3,31.95775
492.4,31.72914
492.5,31.77297
492.6,31.552757
492.7,31.551857
492.8,31.54655
492.9,31.525717
493.0,31.336134
493.1,31.336134
493.2,31.582733
493.3,31.550385
493.4,31.462769
493.5,31.462769
493.6,31.528772
493.7,31.61905
493.8,32.04224
493.9,32.002037
494.0,31.722952
494.1,31.722952
